;codigo;ano
0;BBAS11.SA;2010
1;BBAS11.SA;2011
2;BBAS11.SA;2012
3;BBAS11.SA;2013
4;BBAS11.SA;2014
5;BBAS11.SA;2015
6;BBAS11.SA;2016
7;BBAS11.SA;2017
8;BBAS11.SA;2018
9;BBAS12.SA;2010
10;BBAS12.SA;2011
11;BBAS12.SA;2012
12;BBAS12.SA;2013
13;BBAS12.SA;2014
14;BBAS12.SA;2015
15;BBAS12.SA;2016
16;BBAS12.SA;2017
17;BBAS12.SA;2018
18;BBAS3.SA;2012
19;BBAS3.SA;2018
20;ALPA3.SA;2012
21;ALPA3.SA;2018
22;ALPA4.SA;2012
23;ALPA4.SA;2018
24;SLED3.SA;2010
25;SLED3.SA;2011
26;SLED3.SA;2012
27;SLED3.SA;2018
28;SLED4.SA;2012
29;SLED4.SA;2018
30;SOND3.SA;2010
31;SOND3.SA;2011
32;SOND3.SA;2012
33;SOND3.SA;2013
34;SOND3.SA;2014
35;SOND3.SA;2015
36;SOND3.SA;2016
37;SOND3.SA;2017
38;SOND3.SA;2018
39;SOND5.SA;2010
40;SOND5.SA;2011
41;SOND5.SA;2012
42;SOND5.SA;2013
43;SOND5.SA;2014
44;SOND5.SA;2015
45;SOND5.SA;2018
46;SOND6.SA;2010
47;SOND6.SA;2011
48;SOND6.SA;2012
49;SOND6.SA;2013
50;SOND6.SA;2014
51;SOND6.SA;2015
52;SOND6.SA;2018
53;SPRI3.SA;2012
54;SPRI5.SA;2010
55;SPRI5.SA;2012
56;SPRI5.SA;2014
57;SPRI5.SA;2015
58;SPRI6.SA;2010
59;SPRI6.SA;2011
60;SPRI6.SA;2012
61;SPRI6.SA;2013
62;SPRI6.SA;2014
63;SPRI6.SA;2015
64;SPRI6.SA;2016
65;SPRI6.SA;2017
66;WLMM3.SA;2010
67;WLMM3.SA;2011
68;WLMM3.SA;2012
69;WLMM3.SA;2013
70;WLMM3.SA;2014
71;WLMM3.SA;2015
72;WLMM3.SA;2016
73;WLMM3.SA;2017
74;WLMM3.SA;2018
75;WLMM4.SA;2012
76;WLMM4.SA;2014
77;WLMM4.SA;2015
78;WLMM4.SA;2018
79;BGIP3.SA;2010
80;BGIP4.SA;2010
81;TEKA3.SA;2012
82;TEKA3.SA;2018
83;TEKA4.SA;2012
84;TEKA4.SA;2013
85;TEKA4.SA;2018
86;TKNO3.SA;2010
87;TKNO3.SA;2011
88;TKNO3.SA;2012
89;TKNO3.SA;2013
90;TKNO3.SA;2014
91;TKNO3.SA;2015
92;TKNO3.SA;2016
93;TKNO3.SA;2017
94;TKNO3.SA;2018
95;TKNO4.SA;2010
96;TKNO4.SA;2011
97;TKNO4.SA;2012
98;TKNO4.SA;2013
99;TKNO4.SA;2014
100;TKNO4.SA;2015
101;TKNO4.SA;2016
102;TKNO4.SA;2017
103;TKNO4.SA;2018
104;OIBR3.SA;2012
105;OIBR3.SA;2015
106;OIBR3.SA;2018
107;OIBR4.SA;2011
108;OIBR4.SA;2012
109;OIBR4.SA;2013
110;OIBR4.SA;2018
111;OIBR11.SA;2010
112;OIBR11.SA;2011
113;OIBR11.SA;2012
114;OIBR11.SA;2013
115;OIBR11.SA;2014
116;OIBR11.SA;2015
117;OIBR11.SA;2016
118;OIBR11.SA;2017
119;OIBR11.SA;2018
120;CRPG3.SA;2010
121;CRPG3.SA;2011
122;CRPG3.SA;2012
123;CRPG5.SA;2010
124;CRPG5.SA;2012
125;CRPG5.SA;2015
126;CRPG6.SA;2012
127;CRPG6.SA;2014
128;BEES3.SA;2012
129;BEES3.SA;2018
130;BEES4.SA;2012
131;BEES4.SA;2014
132;BEES4.SA;2015
133;BEES4.SA;2018
134;UNIP3.SA;2012
135;UNIP3.SA;2018
136;UNIP5.SA;2010
137;UNIP5.SA;2011
138;UNIP5.SA;2012
139;UNIP5.SA;2018
140;UNIP6.SA;2012
141;UNIP6.SA;2018
142;VULC3.SA;2012
143;VULC3.SA;2018
144;MYPK3.SA;2012
145;MYPK3.SA;2018
146;MYPK12.SA;2010
147;MYPK12.SA;2011
148;MYPK12.SA;2012
149;MYPK12.SA;2013
150;MYPK12.SA;2014
151;MYPK12.SA;2015
152;MYPK12.SA;2016
153;MYPK12.SA;2017
154;MYPK12.SA;2018
155;AZEV3.SA;2010
156;AZEV3.SA;2011
157;AZEV3.SA;2012
158;AZEV3.SA;2014
159;AZEV4.SA;2010
160;AZEV4.SA;2011
161;AZEV4.SA;2012
162;AZEV4.SA;2014
163;MWET3.SA;2010
164;MWET3.SA;2011
165;MWET3.SA;2012
166;MWET3.SA;2013
167;MWET3.SA;2014
168;MWET3.SA;2015
169;MWET3.SA;2016
170;MWET3.SA;2017
171;MWET3.SA;2018
172;MWET4.SA;2010
173;MWET4.SA;2012
174;MWET4.SA;2015
175;MWET4.SA;2016
176;MWET4.SA;2017
177;MWET4.SA;2018
178;BRSR3.SA;2012
179;BRSR3.SA;2013
180;BRSR3.SA;2018
181;BRSR5.SA;2010
182;BRSR5.SA;2011
183;BRSR5.SA;2012
184;BRSR5.SA;2013
185;BRSR5.SA;2014
186;BRSR5.SA;2015
187;BRSR5.SA;2016
188;BRSR5.SA;2017
189;BRSR5.SA;2018
190;BRSR6.SA;2012
191;BRSR6.SA;2018
192;BOBR3.SA;2010
193;BOBR3.SA;2011
194;BOBR3.SA;2012
195;BOBR3.SA;2013
196;BOBR3.SA;2014
197;BOBR3.SA;2015
198;BOBR3.SA;2016
199;BOBR3.SA;2017
200;BOBR3.SA;2018
201;BOBR4.SA;2010
202;BOBR4.SA;2012
203;BOBR4.SA;2015
204;BOBR4.SA;2018
205;ITEC3.SA;2012
206;ITEC3.SA;2015
207;ITEC3.SA;2016
208;ITEC3.SA;2018
209;RCSL3.SA;2011
210;RCSL3.SA;2012
211;RCSL3.SA;2013
212;RCSL3.SA;2018
213;RCSL4.SA;2011
214;RCSL4.SA;2012
215;RCSL4.SA;2013
216;RCSL4.SA;2014
217;RCSL4.SA;2018
218;KLBN11.SA;2010
219;KLBN11.SA;2011
220;KLBN11.SA;2012
221;KLBN11.SA;2013
222;KLBN11.SA;2014
223;KLBN11.SA;2015
224;KLBN11.SA;2016
225;KLBN11.SA;2017
226;KLBN11.SA;2018
227;KLBN3.SA;2011
228;KLBN3.SA;2012
229;KLBN3.SA;2014
230;KLBN3.SA;2015
231;KLBN3.SA;2016
232;KLBN3.SA;2018
233;KLBN4.SA;2012
234;KLBN4.SA;2014
235;KLBN4.SA;2015
236;KLBN4.SA;2016
237;KLBN4.SA;2017
238;KLBN4.SA;2018
239;SNSY3.SA;2010
240;SNSY3.SA;2011
241;SNSY3.SA;2012
242;SNSY3.SA;2013
243;SNSY3.SA;2014
244;SNSY3.SA;2015
245;SNSY3.SA;2016
246;SNSY3.SA;2017
247;SNSY3.SA;2018
248;SNSY5.SA;2010
249;SNSY5.SA;2012
250;SNSY5.SA;2015
251;SNSY5.SA;2018
252;SNSY6.SA;2010
253;SNSY6.SA;2011
254;SNSY6.SA;2012
255;SNSY6.SA;2013
256;SNSY6.SA;2014
257;SNSY6.SA;2015
258;SNSY6.SA;2016
259;SNSY6.SA;2017
260;SNSY6.SA;2018
261;APTI3.SA;2010
262;APTI3.SA;2011
263;APTI3.SA;2012
264;APTI3.SA;2013
265;APTI3.SA;2014
266;APTI3.SA;2015
267;APTI3.SA;2016
268;APTI3.SA;2017
269;APTI3.SA;2018
270;APTI4.SA;2010
271;APTI4.SA;2011
272;APTI4.SA;2012
273;APTI4.SA;2013
274;APTI4.SA;2014
275;APTI4.SA;2015
276;APTI4.SA;2016
277;APTI4.SA;2017
278;APTI4.SA;2018
279;BMEB3.SA;2012
280;BMEB3.SA;2013
281;BMEB3.SA;2018
282;BMEB4.SA;2010
283;BMEB4.SA;2012
284;BMEB4.SA;2014
285;BMEB4.SA;2015
286;BMEB4.SA;2018
287;JOPA3.SA;2011
288;JOPA3.SA;2012
289;JOPA3.SA;2018
290;JOPA4.SA;2010
291;JOPA4.SA;2011
292;JOPA4.SA;2012
293;JOPA4.SA;2014
294;JOPA4.SA;2015
295;JOPA4.SA;2018
296;PLAS3.SA;2012
297;PLAS3.SA;2017
298;PLAS3.SA;2018
299;PLAS11.SA;2010
300;PLAS11.SA;2011
301;PLAS11.SA;2012
302;PLAS11.SA;2013
303;PLAS11.SA;2014
304;PLAS11.SA;2015
305;PLAS11.SA;2016
306;PLAS11.SA;2017
307;PLAS11.SA;2018
308;MNPR3.SA;2011
309;MNPR3.SA;2012
310;MNPR3.SA;2018
311;PTBL3.SA;2012
312;PTBL3.SA;2018
313;SCAR3.SA;2012
314;SCAR3.SA;2018
315;BRIV3.SA;2012
316;BRIV3.SA;2018
317;BRIV4.SA;2010
318;BRIV4.SA;2011
319;BRIV4.SA;2012
320;BRIV4.SA;2014
321;BRIV4.SA;2015
322;BRIV4.SA;2018
323;SUZB3.SA;2010
324;SUZB3.SA;2011
325;SUZB3.SA;2012
326;SUZB3.SA;2015
327;SUZB3.SA;2016
328;SUZB3.SA;2017
329;SUZB3.SA;2018
330;RAPT3.SA;2012
331;RAPT3.SA;2015
332;RAPT3.SA;2016
333;RAPT3.SA;2018
334;RAPT4.SA;2012
335;RAPT4.SA;2018
336;TOYB3.SA;2012
337;TOYB3.SA;2018
338;TOYB4.SA;2012
339;TOYB4.SA;2014
340;TOYB4.SA;2018
341;TOYB13.SA;2010
342;TOYB13.SA;2011
343;TOYB13.SA;2012
344;TOYB13.SA;2013
345;TOYB13.SA;2014
346;TOYB13.SA;2015
347;TOYB13.SA;2016
348;TOYB13.SA;2017
349;TOYB13.SA;2018
350;BSLI3.SA;2010
351;BSLI3.SA;2011
352;BSLI3.SA;2012
353;BSLI3.SA;2013
354;BSLI3.SA;2014
355;BSLI3.SA;2015
356;BSLI3.SA;2016
357;BSLI3.SA;2017
358;BSLI4.SA;2010
359;BSLI4.SA;2011
360;BSLI4.SA;2012
361;BSLI4.SA;2013
362;BSLI4.SA;2014
363;BSLI4.SA;2015
364;CPLE3.SA;2012
365;CPLE3.SA;2018
366;CPLE5.SA;2010
367;CPLE5.SA;2011
368;CPLE5.SA;2012
369;CPLE5.SA;2013
370;CPLE5.SA;2014
371;CPLE5.SA;2015
372;CPLE5.SA;2016
373;CPLE5.SA;2017
374;CPLE5.SA;2018
375;CPLE6.SA;2011
376;CPLE6.SA;2012
377;CPLE6.SA;2018
378;USIM3.SA;2012
379;USIM3.SA;2013
380;USIM3.SA;2018
381;USIM5.SA;2012
382;USIM5.SA;2018
383;USIM6.SA;2010
384;USIM6.SA;2011
385;USIM6.SA;2012
386;USIM6.SA;2013
387;USIM6.SA;2014
388;USIM6.SA;2015
389;USIM6.SA;2018
390;WHRL3.SA;2012
391;WHRL3.SA;2018
392;WHRL4.SA;2012
393;WHRL4.SA;2018
394;SBSP3.SA;2012
395;CEBR3.SA;2012
396;CEBR3.SA;2018
397;CEBR5.SA;2010
398;CEBR5.SA;2011
399;CEBR5.SA;2012
400;CEBR5.SA;2014
401;CEBR5.SA;2018
402;CEBR6.SA;2010
403;CEBR6.SA;2011
404;CEBR6.SA;2012
405;CEBR6.SA;2013
406;CEBR6.SA;2014
407;CEBR6.SA;2015
408;CEBR6.SA;2016
409;CEBR6.SA;2017
410;CEBR6.SA;2018
411;CYRE3.SA;2012
412;CYRE3.SA;2018
413;SHUL3.SA;2010
414;SHUL3.SA;2011
415;SHUL3.SA;2012
416;SHUL3.SA;2013
417;SHUL3.SA;2014
418;SHUL3.SA;2015
419;SHUL3.SA;2016
420;SHUL3.SA;2017
421;SHUL3.SA;2018
422;SHUL4.SA;2012
423;SHUL4.SA;2018
424;HGTX3.SA;2010
425;HGTX3.SA;2012
426;HGTX3.SA;2013
427;HGTX3.SA;2014
428;HGTX3.SA;2015
429;HGTX3.SA;2018
430;PCAR3.SA;2010
431;PCAR3.SA;2011
432;PCAR3.SA;2012
433;PCAR3.SA;2013
434;PCAR3.SA;2014
435;PCAR3.SA;2015
436;PCAR3.SA;2016
437;PCAR3.SA;2017
438;PCAR3.SA;2018
439;PCAR4.SA;2012
440;PCAR4.SA;2018
441;LTEL11B.SA;2010
442;LTEL11B.SA;2011
443;LTEL11B.SA;2012
444;LTEL11B.SA;2013
445;LTEL11B.SA;2014
446;LTEL11B.SA;2015
447;LTEL11B.SA;2016
448;LTEL11B.SA;2017
449;LTEL11B.SA;2018
450;LTEL3B.SA;2010
451;LTEL3B.SA;2011
452;LTEL3B.SA;2012
453;LTEL3B.SA;2013
454;LTEL3B.SA;2014
455;LTEL3B.SA;2015
456;LTEL3B.SA;2016
457;LTEL3B.SA;2017
458;LTEL3B.SA;2018
459;LTEL5B.SA;2010
460;LTEL5B.SA;2011
461;LTEL5B.SA;2012
462;LTEL5B.SA;2013
463;LTEL5B.SA;2014
464;LTEL5B.SA;2015
465;LTEL5B.SA;2016
466;LTEL5B.SA;2017
467;LTEL5B.SA;2018
468;BDLL3.SA;2010
469;BDLL3.SA;2011
470;BDLL3.SA;2012
471;BDLL3.SA;2013
472;BDLL3.SA;2014
473;BDLL3.SA;2015
474;BDLL3.SA;2016
475;BDLL3.SA;2017
476;BDLL3.SA;2018
477;BDLL4.SA;2012
478;BDLL4.SA;2013
479;BDLL4.SA;2014
480;BDLL4.SA;2018
481;ENGI11.SA;2012
482;ENGI11.SA;2014
483;ENGI11.SA;2015
484;ENGI11.SA;2016
485;ENGI11.SA;2017
486;ENGI11.SA;2018
487;ENGI3.SA;2012
488;ENGI3.SA;2018
489;ENGI4.SA;2010
490;ENGI4.SA;2012
491;ENGI4.SA;2013
492;ENGI4.SA;2018
493;ENGI12.SA;2010
494;ENGI12.SA;2011
495;ENGI12.SA;2012
496;ENGI12.SA;2013
497;ENGI12.SA;2014
498;ENGI12.SA;2015
499;ENGI12.SA;2016
500;ENGI12.SA;2017
501;ENGI12.SA;2018
502;FRRN3B.SA;2010
503;FRRN3B.SA;2011
504;FRRN3B.SA;2012
505;FRRN5B.SA;2010
506;FRRN5B.SA;2011
507;FRRN5B.SA;2012
508;FRRN6B.SA;2010
509;FRRN6B.SA;2011
510;FRRN6B.SA;2012
511;VSPT3.SA;2010
512;VSPT3.SA;2011
513;VSPT3.SA;2012
514;VSPT3.SA;2013
515;VSPT3.SA;2014
516;VSPT4.SA;2010
517;VSPT4.SA;2011
518;VSPT4.SA;2012
519;VSPT4.SA;2013
520;VSPT4.SA;2014
521;BTTL3.SA;2010
522;BTTL3.SA;2012
523;BTTL3.SA;2018
524;NEOE3B.SA;2010
525;NEOE3B.SA;2011
526;NEOE3B.SA;2012
527;NEOE3B.SA;2013
528;NEOE3B.SA;2014
529;NEOE3B.SA;2015
530;NEOE3B.SA;2016
531;NEOE3B.SA;2017
532;NEOE3B.SA;2018
533;BALM3.SA;2010
534;BALM3.SA;2011
535;BALM3.SA;2012
536;BALM3.SA;2013
537;BALM3.SA;2014
538;BALM3.SA;2015
539;BALM3.SA;2016
540;BALM3.SA;2017
541;BALM3.SA;2018
542;BALM4.SA;2010
543;BALM4.SA;2011
544;BALM4.SA;2012
545;BALM4.SA;2013
546;BALM4.SA;2014
547;BALM4.SA;2015
548;BALM4.SA;2016
549;BALM4.SA;2017
550;BALM4.SA;2018
551;GFSA3.SA;2012
552;GFSA3.SA;2018
553;GFSA1.SA;2010
554;GFSA1.SA;2011
555;GFSA1.SA;2012
556;GFSA1.SA;2013
557;GFSA1.SA;2014
558;GFSA1.SA;2015
559;GFSA1.SA;2016
560;GFSA1.SA;2017
561;GFSA1.SA;2018
562;BRFS3.SA;2012
563;BRFS3.SA;2018
564;RSID3.SA;2012
565;RSID3.SA;2016
566;RSID3.SA;2018
567;OPTS3B.SA;2010
568;OPTS3B.SA;2012
569;ECPR3.SA;2012
570;ECPR3.SA;2018
571;ECPR4.SA;2012
572;ECPR4.SA;2013
573;ECPR4.SA;2014
574;ECPR4.SA;2015
575;ECPR4.SA;2018
576;UPKP3B.SA;2010
577;GPCP3.SA;2012
578;GPCP3.SA;2018
579;GPCP4.SA;2010
580;GPCP4.SA;2011
581;GPCP4.SA;2012
582;GPCP4.SA;2013
583;GPCP4.SA;2014
584;GPCP4.SA;2015
585;GPCP4.SA;2016
586;GPCP4.SA;2017
587;GPCP4.SA;2018
588;PSSA3.SA;2012
589;PSSA3.SA;2013
590;LEVE3.SA;2018
591;GOAU3.SA;2012
592;GOAU3.SA;2018
593;GOAU4.SA;2012
594;GOAU4.SA;2018
595;JPSA3.SA;2010
596;JPSA3.SA;2011
597;JPSA3.SA;2012
598;JPSA3.SA;2018
599;MTSA3.SA;2010
600;MTSA3.SA;2011
601;MTSA3.SA;2012
602;MTSA3.SA;2018
603;MTSA4.SA;2010
604;MTSA4.SA;2012
605;MTSA4.SA;2013
606;MTSA4.SA;2015
607;MTSA4.SA;2018
608;MOAR3.SA;2012
609;MOAR3.SA;2018
610;NAFG3.SA;2010
611;NAFG3.SA;2011
612;NAFG3.SA;2012
613;NAFG3.SA;2014
614;NAFG3.SA;2018
615;NAFG4.SA;2010
616;NAFG4.SA;2011
617;NAFG4.SA;2012
618;NAFG4.SA;2013
619;NAFG4.SA;2014
620;NAFG4.SA;2015
621;NAFG4.SA;2018
622;NEMO3.SA;2010
623;NEMO3.SA;2011
624;NEMO3.SA;2012
625;NEMO3.SA;2013
626;NEMO3.SA;2014
627;NEMO3.SA;2015
628;NEMO3.SA;2016
629;NEMO3.SA;2017
630;NEMO3.SA;2018
631;NEMO5.SA;2010
632;NEMO5.SA;2011
633;NEMO5.SA;2012
634;NEMO5.SA;2013
635;NEMO5.SA;2014
636;NEMO5.SA;2015
637;NEMO5.SA;2016
638;NEMO5.SA;2017
639;NEMO5.SA;2018
640;NEMO6.SA;2010
641;NEMO6.SA;2011
642;NEMO6.SA;2012
643;NEMO6.SA;2013
644;NEMO6.SA;2014
645;NEMO6.SA;2015
646;NEMO6.SA;2016
647;NEMO6.SA;2017
648;NEMO6.SA;2018
649;BBDC3.SA;2012
650;BBDC3.SA;2018
651;BBDC4.SA;2012
652;BBDC4.SA;2018
653;PNVL3.SA;2012
654;PNVL3.SA;2018
655;PNVL4.SA;2012
656;PNVL4.SA;2014
657;PNVL4.SA;2015
658;PNVL4.SA;2018
659;PMAM3.SA;2012
660;PMAM3.SA;2015
661;PMAM3.SA;2018
662;PATI3.SA;2012
663;PATI3.SA;2018
664;PATI4.SA;2010
665;PATI4.SA;2011
666;PATI4.SA;2012
667;PATI4.SA;2013
668;PATI4.SA;2014
669;PATI4.SA;2015
670;PATI4.SA;2018
671;PETR3.SA;2012
672;PETR3.SA;2018
673;PETR4.SA;2012
674;PETR4.SA;2015
675;PETR4.SA;2018
676;RPAD3.SA;2012
677;RPAD5.SA;2012
678;RPAD6.SA;2012
679;RPMG3.SA;2012
680;ADHM3.SA;2012
681;ADHM3.SA;2018
682;ARZZ3.SA;2010
683;ARZZ3.SA;2011
684;ARZZ3.SA;2012
685;ARZZ3.SA;2018
686;SSBR3.SA;2010
687;SSBR3.SA;2011
688;SSBR3.SA;2012
689;SSBR3.SA;2018
690;ENAT3.SA;2010
691;ENAT3.SA;2011
692;ENAT3.SA;2012
693;ENAT3.SA;2013
694;ENAT3.SA;2014
695;ENAT3.SA;2015
696;ENAT3.SA;2016
697;ENAT3.SA;2017
698;ENAT3.SA;2018
699;SHOW3.SA;2010
700;SHOW3.SA;2011
701;SHOW3.SA;2012
702;SHOW3.SA;2013
703;SHOW3.SA;2018
704;MGLU3.SA;2010
705;MGLU3.SA;2011
706;MGLU3.SA;2012
707;MGLU3.SA;2017
708;MGLU3.SA;2018
709;QUAL3.SA;2010
710;QUAL3.SA;2011
711;QUAL3.SA;2012
712;QUAL3.SA;2018
713;BPHA3.SA;2010
714;BPHA3.SA;2011
715;BPHA3.SA;2012
716;BPHA3.SA;2018
717;TECN3.SA;2010
718;TECN3.SA;2011
719;TECN3.SA;2012
720;TECN3.SA;2018
721;SEDU3.SA;2010
722;SEDU3.SA;2011
723;SEDU3.SA;2012
724;SEDU3.SA;2013
725;SEDU3.SA;2014
726;SEDU3.SA;2018
727;STKF3.SA;2010
728;STKF3.SA;2011
729;STKF3.SA;2012
730;STKF3.SA;2013
731;STKF3.SA;2014
732;STKF3.SA;2015
733;STKF3.SA;2016
734;STKF3.SA;2017
735;STKF3.SA;2018
736;BPAC11.SA;2011
737;BPAC11.SA;2012
738;BPAC11.SA;2013
739;BPAC11.SA;2014
740;BPAC11.SA;2015
741;BPAC11.SA;2016
742;BPAC11.SA;2017
743;BPAC11.SA;2018
744;BPAC3.SA;2011
745;BPAC3.SA;2012
746;BPAC3.SA;2013
747;BPAC3.SA;2014
748;BPAC3.SA;2015
749;BPAC3.SA;2016
750;BPAC3.SA;2018
751;BPAC5.SA;2011
752;BPAC5.SA;2012
753;BPAC5.SA;2013
754;BPAC5.SA;2014
755;BPAC5.SA;2015
756;BPAC5.SA;2016
757;BPAC5.SA;2018
758;RADL3.SA;2012
759;RADL3.SA;2013
760;RADL3.SA;2016
761;RADL3.SA;2018
762;HAGA3.SA;2012
763;HAGA3.SA;2018
764;HAGA4.SA;2012
765;HAGA4.SA;2015
766;HAGA4.SA;2018
767;CCXC3.SA;2012
768;CCXC3.SA;2018
769;NUTR3.SA;2012
770;NUTR3.SA;2013
771;NUTR3.SA;2014
772;NUTR3.SA;2015
773;NUTR3.SA;2016
774;NUTR3.SA;2017
775;NUTR3.SA;2018
776;LCAM3.SA;2010
777;LCAM3.SA;2011
778;LCAM3.SA;2012
779;LCAM3.SA;2013
780;LCAM3.SA;2018
781;SQIA3.SA;2011
782;SQIA3.SA;2012
783;SQIA3.SA;2013
784;SQIA3.SA;2018
785;BPAT33.SA;2012
786;BPAT33.SA;2013
787;BPAT33.SA;2014
788;BPAT33.SA;2015
789;BPAT33.SA;2016
790;BPAT33.SA;2017
791;BPAT33.SA;2018
792;PPLA11.SA;2011
793;PPLA11.SA;2012
794;PPLA11.SA;2013
795;PPLA11.SA;2014
796;PPLA11.SA;2015
797;TCNO3.SA;2018
798;TCNO4.SA;2013
799;TCNO4.SA;2017
800;TCNO4.SA;2018
801;CSAN3.SA;2018
802;ALUP11.SA;2010
803;ALUP11.SA;2011
804;ALUP11.SA;2012
805;ALUP11.SA;2013
806;ALUP11.SA;2014
807;ALUP11.SA;2015
808;ALUP11.SA;2016
809;ALUP11.SA;2017
810;ALUP11.SA;2018
811;ALUP3.SA;2010
812;ALUP3.SA;2011
813;ALUP3.SA;2012
814;ALUP3.SA;2013
815;ALUP3.SA;2014
816;ALUP3.SA;2015
817;ALUP3.SA;2016
818;ALUP3.SA;2018
819;ALUP4.SA;2010
820;ALUP4.SA;2011
821;ALUP4.SA;2012
822;ALUP4.SA;2013
823;ALUP4.SA;2014
824;ALUP4.SA;2015
825;ALUP4.SA;2016
826;ALUP4.SA;2018
827;UCAS3.SA;2018
828;LINX3.SA;2011
829;LINX3.SA;2012
830;LINX3.SA;2013
831;LINX3.SA;2018
832;BBSE3.SA;2012
833;BBSE3.SA;2013
834;BBSE3.SA;2018
835;IGSN3.SA;2012
836;IGSN3.SA;2013
837;IGSN3.SA;2014
838;IGSN3.SA;2015
839;IGSN3.SA;2016
840;IGSN3.SA;2017
841;IGSN3.SA;2018
842;SEER3.SA;2011
843;SEER3.SA;2013
844;SEER3.SA;2018
845;ANIM3.SA;2012
846;ANIM3.SA;2013
847;ANIM3.SA;2018
848;ABEV3.SA;2018
849;CVCB3.SA;2012
850;CVCB3.SA;2013
851;CVCB3.SA;2018
852;RLOG3.SA;2013
853;RLOG3.SA;2014
854;RLOG3.SA;2018
855;DMMO3.SA;2013
856;DMMO3.SA;2014
857;DMMO3.SA;2015
858;DMMO3.SA;2016
859;DMMO3.SA;2018
860;DMMO11.SA;2013
861;DMMO11.SA;2014
862;DMMO11.SA;2015
863;DMMO11.SA;2016
864;DMMO11.SA;2017
865;DMMO11.SA;2018
866;OFSA3.SA;2014
867;OFSA3.SA;2015
868;OFSA3.SA;2018
869;EEEL3.SA;2015
870;EEEL3.SA;2018
871;EEEL4.SA;2014
872;EEEL4.SA;2015
873;EEEL4.SA;2018
874;JBDU11.SA;2015
875;JBDU11.SA;2016
876;JBDU11.SA;2017
877;JBDU12.SA;2015
878;JBDU12.SA;2016
879;JBDU12.SA;2017
880;GEPA3.SA;2018
881;GEPA4.SA;2015
882;GEPA4.SA;2018
883;QUSW3.SA;2015
884;QUSW3.SA;2016
885;QUSW3.SA;2017
886;QUSW3.SA;2018
887;MEAL3.SA;2011
888;MEAL3.SA;2012
889;MEAL3.SA;2016
890;MEAL3.SA;2018
891;WIZS3.SA;2014
892;WIZS3.SA;2015
893;WIZS3.SA;2016
894;WIZS3.SA;2017
895;WIZS3.SA;2018
896;HCBR3.SA;2014
897;HCBR3.SA;2015
898;HCBR3.SA;2016
899;HCBR3.SA;2017
900;HCBR3.SA;2018
901;HCBR1.SA;2014
902;HCBR1.SA;2015
903;HCBR1.SA;2016
904;HCBR1.SA;2017
905;HCBR1.SA;2018
906;AHEB5.SA;2015
907;AHEB6.SA;2015
908;CBSC-CRA12B0.SA;2010
909;CBSC-CRA12B0.SA;2011
910;CBSC-CRA12B0.SA;2012
911;CBSC-CRA12B0.SA;2013
912;CBSC-CRA12B0.SA;2014
913;CBSC-CRA12B0.SA;2015
914;CBSC-CRA12B0.SA;2016
915;CBSC-CRA12B0.SA;2017
916;CBSC-CRA12B0.SA;2018
917;CBSC-CRA19B0.SA;2010
918;CBSC-CRA19B0.SA;2011
919;CBSC-CRA19B0.SA;2012
920;CBSC-CRA19B0.SA;2013
921;CBSC-CRA19B0.SA;2014
922;CBSC-CRA19B0.SA;2015
923;CBSC-CRA19B0.SA;2016
924;CBSC-CRA19B0.SA;2017
925;CBSC-CRA19B0.SA;2018
926;CBSC-CRA1AB0.SA;2010
927;CBSC-CRA1AB0.SA;2011
928;CBSC-CRA1AB0.SA;2012
929;CBSC-CRA1AB0.SA;2013
930;CBSC-CRA1AB0.SA;2014
931;CBSC-CRA1AB0.SA;2015
932;CBSC-CRA1AB0.SA;2016
933;CBSC-CRA1AB0.SA;2017
934;CBSC-CRA1AB0.SA;2018
935;CBSC-CRA1BB0.SA;2010
936;CBSC-CRA1BB0.SA;2011
937;CBSC-CRA1BB0.SA;2012
938;CBSC-CRA1BB0.SA;2013
939;CBSC-CRA1BB0.SA;2014
940;CBSC-CRA1BB0.SA;2015
941;CBSC-CRA1BB0.SA;2016
942;CBSC-CRA1BB0.SA;2017
943;CBSC-CRA1BB0.SA;2018
944;CBSC-CRA21B0.SA;2010
945;CBSC-CRA21B0.SA;2011
946;CBSC-CRA21B0.SA;2012
947;CBSC-CRA21B0.SA;2013
948;CBSC-CRA21B0.SA;2014
949;CBSC-CRA21B0.SA;2015
950;CBSC-CRA21B0.SA;2016
951;CBSC-CRA21B0.SA;2017
952;CBSC-CRA21B0.SA;2018
953;BRQB3.SA;2014
954;BRQB3.SA;2015
955;BRQB3.SA;2016
956;BRQB3.SA;2017
957;BRQB3.SA;2018
958;CNSY3.SA;2015
959;CNSY3.SA;2016
960;CNSY3.SA;2017
961;CNSY3.SA;2018
962;AALR3.SA;2015
963;AALR3.SA;2016
964;AALR3.SA;2017
965;AALR3.SA;2018
966;ATOM3.SA;2018
967;OMGE3.SA;2013
968;OMGE3.SA;2014
969;OMGE3.SA;2015
970;OMGE3.SA;2016
971;OMGE3.SA;2017
972;OMGE3.SA;2018
973;MOVI3.SA;2014
974;MOVI3.SA;2015
975;MOVI3.SA;2016
976;MOVI3.SA;2017
977;MOVI3.SA;2018
978;PARD3.SA;2016
979;PARD3.SA;2017
980;PARD3.SA;2018
981;AZUL4.SA;2016
982;AZUL4.SA;2017
983;AZUL4.SA;2018
984;CRFB3.SA;2016
985;CRFB3.SA;2017
986;CRFB3.SA;2018
987;IRBR3.SA;2016
988;IRBR3.SA;2017
989;IRBR3.SA;2018
990;STTR3.SA;2016
991;STTR3.SA;2017
992;STTR3.SA;2018
993;PRNR3.SA;2016
994;PRNR3.SA;2017
995;PRNR3.SA;2018
996;SMLS3.SA;2018
997;BKBR3.SA;2016
998;BKBR3.SA;2017
999;BKBR3.SA;2018
1000;GBIO33.SA;2016
1001;GBIO33.SA;2017
1002;GBIO33.SA;2018
1003;LOGG3.SA;2012
1004;LOGG3.SA;2013
1005;LOGG3.SA;2014
1006;LOGG3.SA;2015
1007;LOGG3.SA;2016
1008;LOGG3.SA;2017
1009;LOGG3.SA;2018
1010;MSRO3.SA;2018
1011;SMFT11.SA;2016
1012;SMFT11.SA;2017
1013;SMFT11.SA;2018
1014;SMFT12.SA;2016
1015;SMFT12.SA;2017
1016;SMFT12.SA;2018
1017;SMFT13.SA;2016
1018;SMFT13.SA;2017
1019;SMFT13.SA;2018
1020;SMFT14.SA;2016
1021;SMFT14.SA;2017
1022;SMFT14.SA;2018
1023;SMFT15.SA;2016
1024;SMFT15.SA;2017
1025;SMFT15.SA;2018
1026;SMFT3.SA;2016
1027;SMFT3.SA;2017
1028;SMFT3.SA;2018
1029;SMFT6.SA;2016
1030;SMFT6.SA;2017
1031;SMFT6.SA;2018
1032;INNT3.SA;2018
1033;FLEX3.SA;2016
1034;FLEX3.SA;2017
1035;FLEX3.SA;2018
1036;GNDI3.SA;2017
1037;GNDI3.SA;2018
1038;HAPV3.SA;2017
1039;HAPV3.SA;2018
1040;BIDI4.SA;2017
1041;BIDI4.SA;2018
1042;PTCA11.SA;2017
1043;PTCA11.SA;2018
1044;PTCA3.SA;2017
1045;PTCA3.SA;2018
1046;EALT3.SA;2018
1047;EALT4.SA;2018
1048;BPAN4.SA;2012
1049;BPAN4.SA;2018
1050;ENEV3.SA;2012
1051;ENEV3.SA;2018
1052;ALSC3.SA;2010
1053;ALSC3.SA;2012
1054;ALSC3.SA;2018
1055;OSXB3.SA;2010
1056;OSXB3.SA;2012
1057;OSXB3.SA;2018
1058;DIRR3.SA;2010
1059;DIRR3.SA;2012
1060;DIRR3.SA;2018
1061;GPAR3.SA;2010
1062;GPAR3.SA;2011
1063;GPAR3.SA;2012
1064;GPAR3.SA;2013
1065;GPAR3.SA;2014
1066;GPAR3.SA;2015
1067;GPAR3.SA;2016
1068;GPAR3.SA;2017
1069;GPAR3.SA;2018
1070;HYPE3.SA;2012
1071;HYPE3.SA;2018
1072;LLIS3.SA;2018
1073;B3SA3.SA;2010
1074;B3SA3.SA;2011
1075;B3SA3.SA;2012
1076;B3SA3.SA;2016
1077;B3SA3.SA;2018
1078;RNEW11.SA;2010
1079;RNEW11.SA;2011
1080;RNEW11.SA;2012
1081;RNEW11.SA;2013
1082;RNEW11.SA;2014
1083;RNEW11.SA;2015
1084;RNEW11.SA;2016
1085;RNEW11.SA;2017
1086;RNEW11.SA;2018
1087;RNEW3.SA;2010
1088;RNEW3.SA;2011
1089;RNEW3.SA;2012
1090;RNEW3.SA;2013
1091;RNEW3.SA;2014
1092;RNEW3.SA;2018
1093;RNEW4.SA;2010
1094;RNEW4.SA;2011
1095;RNEW4.SA;2012
1096;RNEW4.SA;2013
1097;RNEW4.SA;2014
1098;RNEW4.SA;2015
1099;RNEW4.SA;2016
1100;RNEW4.SA;2017
1101;RNEW4.SA;2018
1102;TRPN3.SA;2012
1103;TRPN3.SA;2018
1104;CIEL3.SA;2012
1105;CIEL3.SA;2018
1106;FLRY3.SA;2012
1107;FLRY3.SA;2018
1108;JSLG3.SA;2010
1109;JSLG3.SA;2012
1110;JSLG3.SA;2018
1111;AMAR3.SA;2012
1112;AMAR3.SA;2018
1113;PRIO3.SA;2010
1114;PRIO3.SA;2012
1115;PRIO3.SA;2018
1116;APER3.SA;2010
1117;APER3.SA;2011
1118;APER3.SA;2012
1119;APER3.SA;2013
1120;APER3.SA;2014
1121;APER3.SA;2015
1122;APER3.SA;2016
1123;APER3.SA;2017
1124;APER3.SA;2018
1125;RANI3.SA;2012
1126;RANI3.SA;2018
1127;RANI4.SA;2011
1128;RANI4.SA;2012
1129;RANI4.SA;2013
1130;RANI4.SA;2014
1131;RANI4.SA;2015
1132;RANI4.SA;2018
1133;ELET3.SA;2012
1134;ELET3.SA;2016
1135;ELET3.SA;2018
1136;ELET5.SA;2010
1137;ELET5.SA;2011
1138;ELET5.SA;2012
1139;ELET5.SA;2013
1140;ELET5.SA;2014
1141;ELET5.SA;2015
1142;ELET5.SA;2017
1143;ELET5.SA;2018
1144;ELET6.SA;2010
1145;ELET6.SA;2012
1146;ELET6.SA;2018
1147;CMIG3.SA;2012
1148;CMIG3.SA;2018
1149;CMIG4.SA;2012
1150;CMIG4.SA;2018
1151;CLSC3.SA;2010
1152;CLSC3.SA;2012
1153;CLSC3.SA;2013
1154;CLSC3.SA;2014
1155;CLSC3.SA;2017
1156;CLSC3.SA;2018
1157;CLSC4.SA;2010
1158;CLSC4.SA;2011
1159;CLSC4.SA;2012
1160;CLSC4.SA;2018
1161;FESA3.SA;2012
1162;FESA3.SA;2018
1163;FESA4.SA;2012
1164;FESA4.SA;2013
1165;FESA4.SA;2018
1166;CEDO3.SA;2011
1167;CEDO3.SA;2012
1168;CEDO3.SA;2013
1169;CEDO3.SA;2014
1170;CEDO3.SA;2015
1171;CEDO3.SA;2016
1172;CEDO3.SA;2017
1173;CEDO3.SA;2018
1174;CEDO4.SA;2010
1175;CEDO4.SA;2011
1176;CEDO4.SA;2012
1177;CEDO4.SA;2013
1178;CEDO4.SA;2014
1179;CEDO4.SA;2015
1180;CEDO4.SA;2018
1181;CSAB3.SA;2010
1182;CSAB3.SA;2011
1183;CSAB3.SA;2012
1184;CSAB3.SA;2013
1185;CSAB3.SA;2014
1186;CSAB3.SA;2015
1187;CSAB3.SA;2016
1188;CSAB3.SA;2017
1189;CSAB3.SA;2018
1190;CSAB4.SA;2010
1191;CSAB4.SA;2011
1192;CSAB4.SA;2012
1193;CSAB4.SA;2013
1194;CSAB4.SA;2014
1195;CSAB4.SA;2018
1196;CTNM3.SA;2010
1197;CTNM3.SA;2012
1198;CTNM3.SA;2018
1199;CTNM4.SA;2012
1200;CTNM4.SA;2014
1201;CTNM4.SA;2018
1202;REDE3.SA;2012
1203;REDE3.SA;2017
1204;REDE3.SA;2018
1205;HBTS3.SA;2010
1206;HBTS3.SA;2011
1207;HBTS3.SA;2012
1208;HBTS3.SA;2013
1209;HBTS3.SA;2014
1210;HBTS3.SA;2015
1211;HBTS3.SA;2016
1212;HBTS3.SA;2017
1213;HBTS3.SA;2018
1214;HBTS5.SA;2010
1215;HBTS5.SA;2011
1216;HBTS5.SA;2012
1217;HBTS5.SA;2013
1218;HBTS5.SA;2014
1219;HBTS5.SA;2015
1220;HBTS5.SA;2018
1221;HBTS6.SA;2010
1222;HBTS6.SA;2011
1223;HBTS6.SA;2012
1224;HBTS6.SA;2013
1225;HBTS6.SA;2014
1226;HBTS6.SA;2015
1227;HBTS6.SA;2016
1228;HBTS6.SA;2017
1229;HBTS6.SA;2018
1230;CATA3.SA;2010
1231;CATA3.SA;2011
1232;CATA3.SA;2012
1233;CATA3.SA;2013
1234;CATA3.SA;2014
1235;CATA3.SA;2015
1236;CATA3.SA;2016
1237;CATA3.SA;2017
1238;CATA3.SA;2018
1239;CATA4.SA;2010
1240;CATA4.SA;2011
1241;CATA4.SA;2012
1242;CATA4.SA;2013
1243;CATA4.SA;2014
1244;CATA4.SA;2015
1245;CATA4.SA;2016
1246;CATA4.SA;2017
1247;CATA4.SA;2018
1248;MSPA3.SA;2011
1249;MSPA3.SA;2012
1250;MSPA3.SA;2018
1251;MSPA4.SA;2010
1252;MSPA4.SA;2011
1253;MSPA4.SA;2012
1254;MSPA4.SA;2013
1255;MSPA4.SA;2014
1256;MSPA4.SA;2015
1257;MSPA4.SA;2016
1258;MSPA4.SA;2017
1259;MSPA4.SA;2018
1260;GGBR3.SA;2012
1261;GGBR3.SA;2018
1262;GGBR4.SA;2012
1263;GGBR4.SA;2017
1264;GGBR4.SA;2018
1265;CSNA3.SA;2011
1266;CSNA3.SA;2012
1267;CSNA3.SA;2018
1268;CTSA3.SA;2012
1269;CTSA3.SA;2014
1270;CTSA3.SA;2018
1271;CTSA4.SA;2012
1272;CTSA4.SA;2013
1273;CTSA4.SA;2014
1274;CTSA4.SA;2015
1275;CTSA4.SA;2018
1276;CTSA8.SA;2010
1277;CTSA8.SA;2011
1278;CTSA8.SA;2012
1279;CTSA8.SA;2013
1280;CTSA8.SA;2014
1281;CTSA8.SA;2015
1282;CTSA8.SA;2016
1283;CTSA8.SA;2017
1284;CTSA8.SA;2018
1285;CTKA3.SA;2010
1286;CTKA3.SA;2011
1287;CTKA3.SA;2012
1288;CTKA3.SA;2013
1289;CTKA3.SA;2014
1290;CTKA3.SA;2015
1291;CTKA3.SA;2016
1292;CTKA3.SA;2017
1293;CTKA3.SA;2018
1294;CTKA4.SA;2012
1295;CTKA4.SA;2013
1296;CTKA4.SA;2014
1297;CTKA4.SA;2018
1298;VALE3.SA;2012
1299;VALE3.SA;2013
1300;VALE3.SA;2018
1301;ELEK4.SA;2010
1302;CGRA3.SA;2010
1303;CGRA3.SA;2012
1304;CGRA3.SA;2018
1305;CGRA4.SA;2012
1306;CGRA4.SA;2018
1307;GUAR3.SA;2012
1308;GUAR3.SA;2016
1309;GUAR3.SA;2018
1310;BRGE11.SA;2010
1311;BRGE11.SA;2011
1312;BRGE11.SA;2012
1313;BRGE11.SA;2013
1314;BRGE11.SA;2014
1315;BRGE11.SA;2015
1316;BRGE11.SA;2016
1317;BRGE11.SA;2017
1318;BRGE11.SA;2018
1319;BRGE12.SA;2010
1320;BRGE12.SA;2011
1321;BRGE12.SA;2012
1322;BRGE12.SA;2013
1323;BRGE12.SA;2014
1324;BRGE12.SA;2015
1325;BRGE12.SA;2016
1326;BRGE12.SA;2017
1327;BRGE12.SA;2018
1328;BRGE3.SA;2010
1329;BRGE3.SA;2012
1330;BRGE3.SA;2015
1331;BRGE3.SA;2018
1332;BRGE5.SA;2010
1333;BRGE5.SA;2011
1334;BRGE5.SA;2012
1335;BRGE5.SA;2013
1336;BRGE5.SA;2014
1337;BRGE5.SA;2015
1338;BRGE5.SA;2016
1339;BRGE5.SA;2017
1340;BRGE5.SA;2018
1341;BRGE6.SA;2010
1342;BRGE6.SA;2011
1343;BRGE6.SA;2012
1344;BRGE6.SA;2013
1345;BRGE6.SA;2014
1346;BRGE6.SA;2015
1347;BRGE6.SA;2016
1348;BRGE6.SA;2017
1349;BRGE6.SA;2018
1350;BRGE7.SA;2010
1351;BRGE7.SA;2011
1352;BRGE7.SA;2012
1353;BRGE7.SA;2013
1354;BRGE7.SA;2014
1355;BRGE7.SA;2015
1356;BRGE7.SA;2016
1357;BRGE7.SA;2017
1358;BRGE7.SA;2018
1359;BRGE8.SA;2010
1360;BRGE8.SA;2011
1361;BRGE8.SA;2012
1362;BRGE8.SA;2013
1363;BRGE8.SA;2014
1364;BRGE8.SA;2015
1365;BRGE8.SA;2016
1366;BRGE8.SA;2017
1367;BRGE8.SA;2018
1368;CALI3.SA;2010
1369;CALI3.SA;2011
1370;CALI3.SA;2012
1371;CALI3.SA;2013
1372;CALI3.SA;2014
1373;CALI3.SA;2015
1374;CALI3.SA;2016
1375;CALI3.SA;2017
1376;CALI3.SA;2018
1377;CALI4.SA;2010
1378;CALI4.SA;2011
1379;CALI4.SA;2012
1380;CALI4.SA;2013
1381;CALI4.SA;2014
1382;CALI4.SA;2015
1383;CALI4.SA;2018
1384;BRKM3.SA;2012
1385;BRKM3.SA;2018
1386;BRKM5.SA;2010
1387;BRKM5.SA;2012
1388;BRKM5.SA;2016
1389;BRKM5.SA;2018
1390;BRKM6.SA;2010
1391;BRKM6.SA;2011
1392;BRKM6.SA;2012
1393;BRKM6.SA;2013
1394;BRKM6.SA;2014
1395;BRKM6.SA;2015
1396;BRKM6.SA;2016
1397;BRKM6.SA;2017
1398;BRKM6.SA;2018
1399;CORR3.SA;2010
1400;CORR3.SA;2011
1401;CORR3.SA;2012
1402;CORR3.SA;2013
1403;CORR3.SA;2014
1404;CORR3.SA;2015
1405;CORR3.SA;2016
1406;CORR3.SA;2017
1407;CORR3.SA;2018
1408;CORR4.SA;2010
1409;CORR4.SA;2011
1410;CORR4.SA;2012
1411;CORR4.SA;2013
1412;CORR4.SA;2014
1413;CORR4.SA;2015
1414;CORR4.SA;2016
1415;CORR4.SA;2018
1416;DOHL3.SA;2010
1417;DOHL3.SA;2011
1418;DOHL3.SA;2012
1419;DOHL3.SA;2018
1420;DOHL4.SA;2012
1421;DOHL4.SA;2013
1422;DOHL4.SA;2014
1423;DOHL4.SA;2018
1424;MNDL3.SA;2012
1425;MNDL3.SA;2015
1426;MNDL3.SA;2018
1427;WEGE3.SA;2012
1428;WEGE3.SA;2014
1429;WEGE3.SA;2018
1430;ETER3.SA;2012
1431;ETER3.SA;2014
1432;ETER3.SA;2018
1433;EUCA3.SA;2010
1434;EUCA3.SA;2011
1435;EUCA3.SA;2012
1436;EUCA3.SA;2018
1437;EUCA4.SA;2012
1438;EUCA4.SA;2015
1439;EUCA4.SA;2016
1440;EUCA4.SA;2018
1441;FJTA3.SA;2011
1442;FJTA3.SA;2012
1443;FJTA3.SA;2018
1444;FJTA4.SA;2012
1445;FJTA4.SA;2018
1446;FJTA13.SA;2010
1447;FJTA13.SA;2011
1448;FJTA13.SA;2012
1449;FJTA13.SA;2013
1450;FJTA13.SA;2014
1451;FJTA13.SA;2015
1452;FJTA13.SA;2016
1453;FJTA13.SA;2017
1454;FJTA13.SA;2018
1455;FJTA15.SA;2010
1456;FJTA15.SA;2011
1457;FJTA15.SA;2012
1458;FJTA15.SA;2013
1459;FJTA15.SA;2014
1460;FJTA15.SA;2015
1461;FJTA15.SA;2016
1462;FJTA15.SA;2017
1463;FJTA15.SA;2018
1464;FJTA17.SA;2010
1465;FJTA17.SA;2011
1466;FJTA17.SA;2012
1467;FJTA17.SA;2013
1468;FJTA17.SA;2014
1469;FJTA17.SA;2015
1470;FJTA17.SA;2016
1471;FJTA17.SA;2017
1472;FJTA17.SA;2018
1473;FRAS3.SA;2010
1474;FRAS3.SA;2011
1475;FRAS3.SA;2012
1476;FRAS3.SA;2018
1477;TUPY3.SA;2011
1478;TUPY3.SA;2012
1479;TUPY3.SA;2013
1480;TUPY3.SA;2015
1481;TUPY3.SA;2016
1482;TUPY3.SA;2017
1483;TUPY3.SA;2018
1484;VVAR3.SA;2012
1485;VVAR3.SA;2013
1486;VVAR3.SA;2018
1487;HOOT3.SA;2010
1488;HOOT3.SA;2011
1489;HOOT3.SA;2012
1490;HOOT3.SA;2013
1491;HOOT3.SA;2014
1492;HOOT3.SA;2015
1493;HOOT3.SA;2016
1494;HOOT3.SA;2017
1495;HOOT3.SA;2018
1496;HOOT4.SA;2011
1497;HOOT4.SA;2012
1498;HOOT4.SA;2013
1499;HOOT4.SA;2014
1500;HOOT4.SA;2015
1501;HOOT4.SA;2016
1502;HOOT4.SA;2017
1503;HOOT4.SA;2018
1504;IGBR3.SA;2012
1505;IGBR3.SA;2018
1506;BAHI3.SA;2012
1507;BAHI3.SA;2018
1508;ROMI3.SA;2011
1509;ROMI3.SA;2012
1510;ROMI3.SA;2013
1511;ROMI3.SA;2018
1512;TXRX3.SA;2010
1513;TXRX3.SA;2011
1514;TXRX3.SA;2012
1515;TXRX3.SA;2013
1516;TXRX3.SA;2014
1517;TXRX3.SA;2015
1518;TXRX3.SA;2016
1519;TXRX3.SA;2017
1520;TXRX3.SA;2018
1521;INEP3.SA;2012
1522;INEP4.SA;2012
1523;INEP4.SA;2013
1524;INEP4.SA;2016
1525;ITSA3.SA;2012
1526;ITSA3.SA;2018
1527;ITSA4.SA;2012
1528;ITSA4.SA;2018
1529;JFEN3.SA;2012
1530;KEPL3.SA;2012
1531;KEPL3.SA;2018
1532;KEPL11.SA;2010
1533;KEPL11.SA;2011
1534;KEPL11.SA;2012
1535;KEPL11.SA;2013
1536;KEPL11.SA;2014
1537;KEPL11.SA;2015
1538;KEPL11.SA;2016
1539;KEPL11.SA;2017
1540;KEPL11.SA;2018
1541;GPIV33.SA;2012
1542;GPIV33.SA;2018
1543;WSON33.SA;2012
1544;WSON33.SA;2018
1545;LAME3.SA;2012
1546;LAME3.SA;2018
1547;LAME4.SA;2012
1548;LAME4.SA;2013
1549;LAME4.SA;2018
1550;LREN3.SA;2012
1551;LREN3.SA;2018
1552;LUXM3.SA;2010
1553;LUXM3.SA;2011
1554;LUXM3.SA;2012
1555;LUXM3.SA;2013
1556;LUXM3.SA;2014
1557;LUXM3.SA;2015
1558;LUXM3.SA;2016
1559;LUXM3.SA;2017
1560;LUXM3.SA;2018
1561;LUXM4.SA;2010
1562;LUXM4.SA;2011
1563;LUXM4.SA;2012
1564;LUXM4.SA;2013
1565;LUXM4.SA;2014
1566;LUXM4.SA;2015
1567;LUXM4.SA;2018
1568;MGEL3.SA;2010
1569;MGEL3.SA;2011
1570;MGEL3.SA;2012
1571;MGEL3.SA;2013
1572;MGEL3.SA;2014
1573;MGEL3.SA;2015
1574;MGEL3.SA;2016
1575;MGEL3.SA;2017
1576;MGEL3.SA;2018
1577;MGEL4.SA;2012
1578;MGEL4.SA;2015
1579;MGEL4.SA;2016
1580;MGEL4.SA;2018
1581;ESTR3.SA;2010
1582;ESTR3.SA;2011
1583;ESTR3.SA;2012
1584;ESTR3.SA;2018
1585;ESTR4.SA;2012
1586;ESTR4.SA;2016
1587;ESTR4.SA;2017
1588;ESTR4.SA;2018
1589;POMO3.SA;2012
1590;POMO3.SA;2018
1591;POMO4.SA;2012
1592;POMO4.SA;2018
1593;LEVE3.SA;2010
1594;LEVE3.SA;2011
1595;LEVE3.SA;2012
1596;PSSA3.SA;2015
1597;PSSA3.SA;2018
1598;BMKS3.SA;2012
1599;EMAE3.SA;2010
1600;EMAE3.SA;2011
1601;EMAE3.SA;2012
1602;EMAE3.SA;2013
1603;EMAE3.SA;2014
1604;EMAE3.SA;2015
1605;EMAE3.SA;2016
1606;EMAE3.SA;2017
1607;EMAE3.SA;2018
1608;EMAE4.SA;2012
1609;EMAE4.SA;2013
1610;EMAE4.SA;2014
1611;EMAE4.SA;2015
1612;EMAE4.SA;2018
1613;EGIE3.SA;2012
1614;EGIE3.SA;2015
1615;EGIE3.SA;2018
1616;RAIL3.SA;2010
1617;RAIL3.SA;2011
1618;RAIL3.SA;2012
1619;RAIL3.SA;2013
1620;RAIL3.SA;2014
1621;RAIL3.SA;2015
1622;RAIL3.SA;2016
1623;RAIL3.SA;2018
1624;CPTP3B.SA;2010
1625;CPTP3B.SA;2011
1626;CPTP3B.SA;2012
1627;CPTP3B.SA;2013
1628;CPTP3B.SA;2014
1629;CPTP3B.SA;2015
1630;CPTP3B.SA;2016
1631;SLCT3B.SA;2010
1632;SLCT3B.SA;2011
1633;SLCT3B.SA;2012
1634;SLCT3B.SA;2013
1635;SLCT3B.SA;2014
1636;SLCT3B.SA;2015
1637;SLCT3B.SA;2016
1638;SLCT3B.SA;2017
1639;TIMP3.SA;2011
1640;TIMP3.SA;2012
1641;TIMP3.SA;2018
1642;VIVT3.SA;2012
1643;VIVT3.SA;2014
1644;VIVT3.SA;2018
1645;VIVT4.SA;2012
1646;VIVT4.SA;2018
1647;STBP3.SA;2010
1648;STBP3.SA;2011
1649;STBP3.SA;2012
1650;STBP3.SA;2018
1651;MMXM3.SA;2012
1652;MMXM3.SA;2018
1653;MMXM11.SA;2010
1654;MMXM11.SA;2011
1655;MMXM11.SA;2012
1656;MMXM11.SA;2013
1657;MMXM11.SA;2014
1658;MMXM11.SA;2017
1659;MMXM11.SA;2018
1660;A.SA;2013
1661;A.SA;2014
1662;A.SA;2015
1663;A.SA;2016
1664;A.SA;2017
1665;KROT3.SA;2010
1666;KROT3.SA;2011
1667;KROT3.SA;2012
1668;KROT3.SA;2018
1669;TRPL3.SA;2012
1670;TRPL3.SA;2018
1671;TRPL4.SA;2012
1672;TRPL4.SA;2014
1673;TRPL4.SA;2018
1674;IDNT3.SA;2012
1675;IDNT3.SA;2014
1676;IDNT3.SA;2018
1677;UGPA3.SA;2010
1678;UGPA3.SA;2011
1679;UGPA3.SA;2012
1680;UGPA3.SA;2017
1681;UGPA3.SA;2018
1682;CPFE3.SA;2010
1683;CPFE3.SA;2012
1684;CPFE3.SA;2014
1685;CPFE3.SA;2018
1686;PEAB3.SA;2011
1687;PEAB3.SA;2012
1688;PEAB3.SA;2018
1689;PEAB4.SA;2010
1690;PEAB4.SA;2011
1691;PEAB4.SA;2012
1692;PEAB4.SA;2013
1693;PEAB4.SA;2014
1694;PEAB4.SA;2015
1695;PEAB4.SA;2016
1696;PEAB4.SA;2017
1697;PEAB4.SA;2018
1698;BRAP3.SA;2012
1699;BRAP3.SA;2018
1700;BRAP4.SA;2012
1701;BRAP4.SA;2018
1702;IVPR3B.SA;2010
1703;IVPR3B.SA;2011
1704;IVPR3B.SA;2012
1705;IVPR3B.SA;2013
1706;IVPR3B.SA;2014
1707;IVPR3B.SA;2015
1708;IVPR3B.SA;2016
1709;IVPR3B.SA;2017
1710;IVPR3B.SA;2018
1711;IVPR4B.SA;2010
1712;IVPR4B.SA;2011
1713;IVPR4B.SA;2012
1714;IVPR4B.SA;2013
1715;IVPR4B.SA;2014
1716;IVPR4B.SA;2015
1717;IVPR4B.SA;2016
1718;IVPR4B.SA;2017
1719;IVPR4B.SA;2018
1720;CCRO3.SA;2012
1721;CCRO3.SA;2018
1722;TIET11.SA;2010
1723;TIET11.SA;2011
1724;TIET11.SA;2012
1725;TIET11.SA;2013
1726;TIET11.SA;2014
1727;TIET11.SA;2015
1728;TIET11.SA;2016
1729;TIET11.SA;2017
1730;TIET11.SA;2018
1731;TIET3.SA;2012
1732;TIET3.SA;2018
1733;TIET4.SA;2012
1734;TIET4.SA;2018
1735;CANT3B.SA;2010
1736;CANT3B.SA;2011
1737;CANT3B.SA;2012
1738;CANT3B.SA;2013
1739;CANT3B.SA;2014
1740;CANT3B.SA;2015
1741;CANT3B.SA;2016
1742;CANT3B.SA;2017
1743;CANT3B.SA;2018
1744;CANT4B.SA;2010
1745;CANT4B.SA;2011
1746;CANT4B.SA;2012
1747;CANT4B.SA;2013
1748;CANT4B.SA;2014
1749;CANT4B.SA;2015
1750;CANT4B.SA;2016
1751;CANT4B.SA;2017
1752;CANT4B.SA;2018
1753;LIQO3.SA;2012
1754;LIQO3.SA;2014
1755;LIQO3.SA;2018
1756;BIOM3.SA;2010
1757;BIOM3.SA;2011
1758;BIOM3.SA;2012
1759;BIOM3.SA;2017
1760;BIOM3.SA;2018
1761;TPIS3.SA;2012
1762;ITUB3.SA;2012
1763;ITUB3.SA;2018
1764;ITUB4.SA;2012
1765;ITUB4.SA;2018
1766;CSMG3.SA;2012
1767;CSMG3.SA;2015
1768;CSMG3.SA;2016
1769;CSMG3.SA;2018
1770;ECOR3.SA;2010
1771;ECOR3.SA;2012
1772;ECOR3.SA;2018
1773;NATU3.SA;2012
1774;NATU3.SA;2018
1775;GOLL4.SA;2012
1776;GOLL4.SA;2018
1777;GOLL12.SA;2010
1778;GOLL12.SA;2011
1779;GOLL12.SA;2012
1780;GOLL12.SA;2013
1781;GOLL12.SA;2014
1782;GOLL12.SA;2015
1783;GOLL12.SA;2016
1784;GOLL12.SA;2017
1785;GOLL12.SA;2018
1786;GRND3.SA;2012
1787;GRND3.SA;2018
1788;DASA3.SA;2010
1789;DASA3.SA;2012
1790;DASA3.SA;2018
1791;FRTA3.SA;2011
1792;FRTA3.SA;2012
1793;FRTA3.SA;2018
1794;RENT3.SA;2012
1795;RENT3.SA;2018
1796;ENBR3.SA;2012
1797;ENBR3.SA;2018
1798;RBCS-CRI2PB0.SA;2010
1799;RBCS-CRI2QB0.SA;2010
1800;RBCS-CRI2RB0.SA;2010
1801;RBCS-CRI73B0.SA;2010
1802;RBCS-CRI84B0.SA;2010
1803;RBCS-CRI85B0.SA;2010
1804;RBCS-CRI86B0.SA;2010
1805;LIGT3.SA;2012
1806;LIGT3.SA;2013
1807;LIGT3.SA;2018
1808;BRML3.SA;2012
1809;BRML3.SA;2018
1810;BRPR3.SA;2010
1811;BRPR3.SA;2012
1812;BRPR3.SA;2018
1813;TOTS3.SA;2012
1814;TOTS3.SA;2018
1815;EQTL3.SA;2012
1816;EQTL3.SA;2018
1817;VLID3.SA;2012
1818;VLID3.SA;2018
1819;LUPA3.SA;2011
1820;LUPA3.SA;2012
1821;LUPA3.SA;2018
1822;LUPA11.SA;2010
1823;LUPA11.SA;2011
1824;LUPA11.SA;2012
1825;LUPA11.SA;2013
1826;LUPA11.SA;2014
1827;LUPA11.SA;2015
1828;LUPA11.SA;2016
1829;LUPA11.SA;2017
1830;LUPA11.SA;2018
1831;EMBR3.SA;2012
1832;EMBR3.SA;2018
1833;ODPV3.SA;2012
1834;ODPV3.SA;2013
1835;ODPV3.SA;2018
1836;TAEE11.SA;2010
1837;TAEE11.SA;2011
1838;TAEE11.SA;2012
1839;TAEE11.SA;2013
1840;TAEE11.SA;2014
1841;TAEE11.SA;2015
1842;TAEE11.SA;2016
1843;TAEE11.SA;2017
1844;TAEE11.SA;2018
1845;TAEE3.SA;2010
1846;TAEE3.SA;2011
1847;TAEE3.SA;2012
1848;TAEE3.SA;2018
1849;TAEE4.SA;2010
1850;TAEE4.SA;2011
1851;TAEE4.SA;2012
1852;TAEE4.SA;2013
1853;TAEE4.SA;2014
1854;TAEE4.SA;2015
1855;TAEE4.SA;2016
1856;TAEE4.SA;2017
1857;TAEE4.SA;2018
1858;MDIA3.SA;2012
1859;MDIA3.SA;2018
1860;PFRM3.SA;2012
1861;PFRM3.SA;2015
1862;PFRM3.SA;2018
1863;TESA3.SA;2012
1864;TESA3.SA;2018
1865;TESA1.SA;2010
1866;TESA1.SA;2011
1867;TESA1.SA;2012
1868;TESA1.SA;2013
1869;TESA1.SA;2014
1870;TESA1.SA;2015
1871;TESA1.SA;2016
1872;TESA1.SA;2017
1873;TESA1.SA;2018
1874;POSI3.SA;2012
1875;POSI3.SA;2017
1876;POSI3.SA;2018
1877;LPSB3.SA;2012
1878;LPSB3.SA;2018
1879;TCSA3.SA;2010
1880;TCSA3.SA;2012
1881;TCSA3.SA;2018
1882;RDNI3.SA;2012
1883;RDNI3.SA;2018
1884;PDGR3.SA;2012
1885;PDGR3.SA;2017
1886;PDGR3.SA;2018
1887;IGTA3.SA;2012
1888;IGTA3.SA;2018
1889;EVEN3.SA;2012
1890;EVEN3.SA;2017
1891;EVEN3.SA;2018
1892;SANB11.SA;2012
1893;SANB11.SA;2014
1894;SANB11.SA;2018
1895;SANB3.SA;2012
1896;SANB3.SA;2014
1897;SANB3.SA;2018
1898;SANB4.SA;2012
1899;SANB4.SA;2017
1900;SANB4.SA;2018
1901;CPRE3.SA;2010
1902;CPRE3.SA;2011
1903;CPRE3.SA;2012
1904;CPRE3.SA;2013
1905;CPRE3.SA;2014
1906;CPRE3.SA;2018
1907;PINE3.SA;2010
1908;PINE3.SA;2011
1909;PINE3.SA;2012
1910;PINE3.SA;2013
1911;PINE3.SA;2014
1912;PINE3.SA;2015
1913;PINE3.SA;2016
1914;PINE3.SA;2017
1915;PINE3.SA;2018
1916;PINE4.SA;2010
1917;PINE4.SA;2012
1918;PINE4.SA;2016
1919;PINE4.SA;2018
1920;JBSS3.SA;2012
1921;JBSS3.SA;2018
1922;JHSF3.SA;2012
1923;JHSF3.SA;2018
1924;FRIO3.SA;2012
1925;FRIO3.SA;2014
1926;FRIO3.SA;2015
1927;FRIO3.SA;2016
1928;FRIO3.SA;2018
1929;FHER3.SA;2012
1930;CRDE3.SA;2012
1931;CRDE3.SA;2014
1932;CRDE3.SA;2018
1933;VIVR3.SA;2012
1934;VIVR3.SA;2018
1935;LOGN3.SA;2012
1936;LOGN3.SA;2018
1937;LOGN12.SA;2010
1938;LOGN12.SA;2011
1939;LOGN12.SA;2012
1940;LOGN12.SA;2013
1941;LOGN12.SA;2014
1942;LOGN12.SA;2015
1943;LOGN12.SA;2016
1944;LOGN12.SA;2017
1945;LOGN12.SA;2018
1946;SLCE3.SA;2012
1947;SLCE3.SA;2018
1948;EZTC3.SA;2012
1949;EZTC3.SA;2018
1950;MRFG3.SA;2012
1951;MRFG3.SA;2018
1952;TGMA3.SA;2012
1953;TGMA3.SA;2017
1954;TGMA3.SA;2018
1955;HBOR3.SA;2012
1956;HBOR3.SA;2018
1957;IDVL3.SA;2010
1958;IDVL3.SA;2011
1959;IDVL3.SA;2012
1960;IDVL3.SA;2018
1961;IDVL4.SA;2012
1962;IDVL4.SA;2017
1963;IDVL4.SA;2018
1964;MRVE3.SA;2010
1965;MRVE3.SA;2012
1966;MRVE3.SA;2013
1967;MRVE3.SA;2018
1968;BEEF3.SA;2012
1969;BEEF3.SA;2018
1970;BEEF11.SA;2010
1971;BEEF11.SA;2011
1972;BEEF11.SA;2012
1973;BEEF11.SA;2013
1974;BEEF11.SA;2014
1975;BEEF11.SA;2015
1976;BEEF11.SA;2016
1977;BEEF11.SA;2017
1978;BEEF11.SA;2018
1979;ABCB4.SA;2012
1980;ABCB4.SA;2018
1981;SGPS3.SA;2012
1982;SGPS3.SA;2018
1983;MULT3.SA;2012
1984;MULT3.SA;2018
1985;BTOW3.SA;2012
1986;BTOW3.SA;2018
1987;GSHP3.SA;2012
1988;GSHP3.SA;2018
1989;CAMB3.SA;2010
1990;CAMB3.SA;2011
1991;CAMB3.SA;2012
1992;CAMB3.SA;2013
1993;CAMB3.SA;2014
1994;CAMB3.SA;2015
1995;CAMB3.SA;2016
1996;CAMB3.SA;2017
1997;CAMB3.SA;2018
1998;CAMB4.SA;2010
1999;CAMB4.SA;2012
2000;CAMB4.SA;2015
2001;CAMB4.SA;2018
2002;CAMB10.SA;2010
2003;CAMB10.SA;2011
2004;CAMB10.SA;2012
2005;CAMB10.SA;2013
2006;CAMB10.SA;2014
2007;CAMB10.SA;2015
2008;CAMB10.SA;2016
2009;CAMB10.SA;2017
2010;CAMB10.SA;2018
2011;ESTC3.SA;2012
2012;ESTC3.SA;2018
2013;CCPR3.SA;2012
2014;CCPR3.SA;2018
2015;DTEX3.SA;2012
2016;DTEX3.SA;2018
2017;SULA11.SA;2012
2018;SULA11.SA;2018
2019;SULA3.SA;2010
2020;SULA3.SA;2011
2021;SULA3.SA;2012
2022;SULA3.SA;2018
2023;SULA4.SA;2010
2024;SULA4.SA;2011
2025;SULA4.SA;2012
2026;SULA4.SA;2013
2027;SULA4.SA;2014
2028;SULA4.SA;2015
2029;SULA4.SA;2016
2030;SULA4.SA;2017
2031;SULA4.SA;2018
2032;TRIS3.SA;2012
2033;TRIS3.SA;2016
2034;TRIS3.SA;2018
2035;TEND3.SA;2010
2036;TEND3.SA;2011
2037;TEND3.SA;2012
2038;TEND3.SA;2013
2039;TEND3.SA;2014
2040;TEND3.SA;2015
2041;TEND3.SA;2016
2042;TEND3.SA;2017
2043;TEND3.SA;2018
2044;BBRK3.SA;2012
2045;BBRK3.SA;2018
