;QtdAcoes;ano;cvm;empresa_descr
0;2.860.729.247  ;2010;1023;BRASIL
0;353.45599999999996;2010;10456;ALPARGATAS
0;28.596;2010;10472;SARAIVA LIVR
0;2.568;2010;10880;SONDOTECNICA
0;12.647;2010;10960;SPRINGER
0;7.282.934  ;2010;11070;WLM IND COM
0;10.541.442  ;2010;1120;BANESE
0;38.359;2010;11223;TEKA
0;2.635;2010;11231;TEKNO
0;603.02;2010;11312;OI
0;2.321.500  ;2010;11398;CRISTAL
0;151.488;2010;1155;BANESTES
0;835.498;2010;11592;UNIPAR
0;70.000.000  ;2010;11762;VULCABRAS
0;94.863;2010;11932;IOCHP-MAXION
0;27.0;2010;11975;AZEVEDO
0;5.145;2010;11991;WETZEL SA
0;408.974;2010;1210;BANRISUL
0;54.065;2010;12190;BOMBRIL
0;11.651;2010;12530;ITAUTEC
0;51.278999999999996;2010;12572;RECRUSUL
0;917.683.296  ;2010;12653;KLABIN SA
0;19.291;2010;12696;SANSUY
0;185.955;2010;12823;ALIPERTI
0;35.4;2010;1325;MERC BRASIL
0;10.582;2010;13285;JOSAPAR
0;166.43;2010;13471;PLASCAR PART
0;405.720.000  ;2010;13765;MINUPAR
0;159.009;2010;13773;PORTOBELLO
0;57.736999999999995;2010;13781;SAO CARLOS
0;90.22399999999999;2010;1384;ALFA INVEST
0;408.892;2010;13986;SUZANO S.A
0;243.785;2010;14109;RANDON PART
0;1.036.926.806  ;2010;14133;TECTOY
0;36.305;2010;14206;BRB BANCO
0;273.655.375  ;2010;14311;COPEL
0;1.013.786.190  ;2010;14320;USIMINAS
0;1.502.786  ;2010;14346;WHIRLPOOL
0;227.83599999999998;2010;14443;SABESP
0;9.183;2010;14451;CEB
0;423.004;2010;14460;CYRELA REALT
0;63.817;2010;14664;SCHULZ
0;162.722;2010;14761;CIA HERING
0;257.774;2010;14826;P.ACUCAR-CBD
0;283.286;2010;15091;LITEL
0;1.600.000  ;2010;1520;BARDELLA
0;1.099.857  ;2010;15253;ENERGISA
0;707.543.040  ;2010;15300;ALL NORTE
0;210.197.643.696  ;2010;15369;FER C ATLANT
0;149.678;2010;15458;BATTISTELLA
0;5.850.636  ;2010;15539;NEOENERGIA
0;980.0;2010;1562;BAUMER
0;431.515;2010;16101;GAFISA
0;872.473.246  ;2010;16292;BRF SA
0;266.436.388  ;2010;16306;ROSSI RESID
0;48.582.043  ;2010;16438;SUL 116 PART
0;1.9;2010;16497;ENCORPAR
0;52.437;2010;16624;UPTICK
0;104.425;2010;16632;GPC PART
0;327.642;2010;16659;PORTO SEGURO
0;454.75;2010;1694;BIC MONARK
0;36.946999999999996;2010;16993;EMAE
0;652.742.192  ;2010;17329;ENGIE BRASIL
0;689.122.312  ;2010;17450;RUMO S.A
0;8.766.858  ;2010;17493;CAPITALPART
0;21.570.000  ;2010;17558;SELECTPART
0;2.475.735.060  ;2010;17639;TIM PART SA
0;506.23699999999997;2010;17671;TELEF BRASIL
0;655.7760000000001;2010;17892;SANTOS BRP
0;472.973;2010;17914;MMX MINER
0;230.998.214  ;2010;17922;BRAZILIAN FR
0;2.000.867.965  ;2010;17930;ALL PAULISTA
0;466.24;2010;17973;KROTON
0;66.003;2010;18287;CIBRASEC
0;151.829;2010;18376;TRAN PAULIST
0;115.381;2010;18414;IDEIASNET
0;544.383.996  ;2010;18465;ULTRAPAR
0;481.137.130  ;2010;18660;CPFL ENERGIA
0;12.850.278  ;2010;18708;PAR AL BAHIA
0;349.548;2010;18724;BRADESPAR
0;273.299.352  ;2010;18775;INVEPAR
0;441.396.800  ;2010;18821;CCR SA
0;205.487.716  ;2010;18953;CPFL GERACAO
0;650.000.008  ;2010;18970;AES TIETE E
0;459.20599999999996;2010;19062;AGPART
0;59.770.600  ;2010;19100;LIQ
0;17.338;2010;19305;BIOMM
0;146.0;2010;19330;TRIUNFO PART
0;4.570.936  ;2010;19348;ITAUUNIBANCO
0;111.050.752  ;2010;19437;AGCONCESSOES
0;115.29899999999999;2010;19445;COPASA
0;558.6990000000001;2010;19453;ECORODOVIAS
0;430.881;2010;19550;NATURA
0;270.337;2010;19569;GOL
0;300.720.000  ;2010;19615;GRENDENE
0;229.611.740  ;2010;19623;DASA
0;110.0;2010;19658;POMIFRUTAS
0;201.708;2010;19739;LOCALIZA
0;158.805;2010;19763;ENERGIAS BR
0;2.725;2010;19860;RBCAPITALSEC
0;203.934.060  ;2010;19879;LIGHT SA
0;406.277;2010;19909;BR MALLS PAR
0;139.512;2010;19925;BR PROPERT
0;31.459;2010;19992;TOTVS
0;108.826.325  ;2010;20010;EQUATORIAL
0;51.5;2010;20028;VALID
0;47.737.703  ;2010;20060;LUPATECH
0;740.465;2010;20087;EMBRAER
0;177.098.264  ;2010;20125;ODONTOPREV
0;263.499;2010;20257;TAESA
0;2.896.785  ;2010;20320;CEMIG GT
0;113.45;2010;20338;M.DIASBRANCO
0;33.164;2010;20346;PROFARMA
0;1.084.190  ;2010;20354;TERRA SANTA
0;87.8;2010;20362;POSITIVO TEC
0;55.202;2010;20370;LOPES BRASIL
0;145.38299999999998;2010;20435;TECNISA
0;48.575;2010;20451;RNI
0;1.106.242  ;2010;20478;PDG REALT
0;79.255.489  ;2010;20494;IGUATEMI
0;233.293.408  ;2010;20524;EVEN
0;399.044.117  ;2010;20532;SANTANDER BR
0;708.403.499  ;2010;20540;CPFL RENOVAV
0;85.40899999999999;2010;20567;PINE
0;2.567.471.476  ;2010;20575;JBS
0;426.374.825  ;2010;20605;JHSF PART
0;41.43899999999999;2010;20613;METALFRIO
0;48.471000000000004;2010;20621;FER HERINGER
0;46.136.250  ;2010;20630;CR2
0;285.309;2010;20702;VIVER
0;91.712;2010;20710;LOG-IN
0;98.897.500  ;2010;20745;SLC AGRICOLA
0;146.724.120  ;2010;20770;EZTEC
0;346.983.954  ;2010;20788;MARFRIG
0;66.003;2010;20800;TEGMA
0;65.097;2010;20877;HELBOR
0;41.212.984  ;2010;20885;INDUSVAL
0;482.435;2010;20915;MRV
0;105.793.418  ;2010;20931;MINERVA
0;135.644.240  ;2010;20958;ABC BRASIL
0;143.64700000000002;2010;20966;SPRINGS
0;179.197.214  ;2010;20982;MULTIPLAN
0;113.562.867  ;2010;20990;B2W DIGITAL
0;50.480.600  ;2010;21008;GENERALSHOPP
0;36.96;2010;2100;CAMBUCI
0;82.038.041  ;2010;21016;ESTACIO PART
0;340;2010;21032;ALGAR TELEC
0;86.5;2010;21040;CYRE COM-CCP
0;458.362.776  ;2010;21091;DURATEX
0;831.892.440  ;2010;21121;SUL AMERICA
0;81.79899999999999;2010;21130;TRISUL
0;400.652;2010;21148;TENDA
0;21.831999999999997;2010;21156;J.MACEDO
0;168.877;2010;21180;BR BROKERS
0;244.343.940  ;2010;21199;BANCO PAN
0;136.69299999999998;2010;21237;ENEVA
0;139.467;2010;21300;ALIANSCE
0;11.212.500  ;2010;21342;OSX BRASIL
0;133.407.162  ;2010;21350;DIRECIONAL
0;32.774;2010;21393;CELGPAR
0;547.846;2010;21431;HYPERA
0;57.25;2010;21440;LE LIS BLANC
0;163.91;2010;21490;ALUPAR
0;144.73;2010;21555;UNIDAS
0;2.044.014.295  ;2010;21610;B3
0;140.763.600  ;2010;21636;RENOVA
0;41.207;2010;21717;TARPON INV
0;1.364.783.800  ;2010;21733;CIELO
0;131.298.550  ;2010;21881;FLEURY
0;391.283;2010;21903;ECON
0;198.89;2010;22020;JSL
0;184.551;2010;22055;LOJAS MARISA
0;4.619.349  ;2010;22187;PETRORIO
0;936.216;2010;22217;ALPER S.A
0;78.248;2010;22349;AREZZO CO
0;531.7280000000001;2010;22357;SIERRABRASIL
0;62.021.962  ;2010;22365;ENAUTA PART
0;57.466;2010;22454;TIME FOR FUN
0;150.0;2010;22470;MAGAZ LUIZA
0;1.614.883  ;2010;22497;QUALICORP
0;73.950.000  ;2010;22500;BR PHARMA
0;128.591.827  ;2010;22519;TECHNOS
0;339.366.954  ;2010;22551;SOMOS EDUCA
0;100.000.000  ;2010;22594;STATKRAFT
0;31.189.890  ;2010;22691;LOCAMERICA
0;8.104;2010;2429;CELUL IRANI
0;1.132.357.090  ;2010;2437;ELETROBRAS
0;682.415;2010;2453;CEMIG
0;38.571;2010;2461;CELESC
0;88.320.000  ;2010;3069;FERBASA
0;3.569.059  ;2010;3077;CEDRO
0;7.68;2010;3115;SEG AL BAHIA
0;116.675;2010;3158;COTEMINAS
0;322.075;2010;3190;REDE ENERGIA
0;9.134;2010;3298;HABITASUL
0;145;2010;3395;IND CATAGUAS
0;6.5729999999999995;2010;3654;MELHOR SP
0;1.516.802  ;2010;3980;GERDAU
0;1.483.033.685  ;2010;4030;SID NACIONAL
0;39.299;2010;4081;SANTANENSE
0;14.405999999999999;2010;4146;KARSTEN
0;5.365.305  ;2010;4170;VALE
0;31.485;2010;4359;ELEKEIROZ
0;21.673.675  ;2010;4537;GRAZZIOTIN
0;62.400.000  ;2010;4669;GUARARAPES
0;73.646.388  ;2010;4707;ALFA CONSORC
0;69;2010;4723;CONST A LIND
0;801.665;2010;4820;BRASKEM
0;23.153000000000002;2010;4863;COR RIBEIRO
0;5.043;2010;5207;DOHLER
0;47.401;2010;5312;MUNDIAL
0;620.905.029  ;2010;5410;WEG
0;89.500.000  ;2010;5762;ETERNIT
0;92.619;2010;5770;EUCATEX
0;128.234;2010;6173;FORJA TAURUS
0;102.381;2010;6211;FRAS-LE
0;57.138999999999996;2010;6343;TUPY
0;322.688;2010;6505;VIAVAREJO
0;183.72400000000002;2010;6700;HOTEIS OTHON
0;12.504.967  ;2010;6815;IGB SA
0;5.451.213  ;2010;701;BAHEMA
0;74.758;2010;7510;INDS ROMI
0;42.592.810  ;2010;7544;TEX RENAUX
0;95.66;2010;7595;INEPAR
0;4.374.281  ;2010;7617;ITAUSA
0;100.000.000  ;2010;7811;JOAO FORTES
0;1.309.272  ;2010;7870;KEPLER WEBER
0;164.115.471  ;2010;80020;GP INVEST
0;71.14399999999999;2010;80047;WILSON SONS
0;758.302.985  ;2010;8087;LOJAS AMERIC
0;122.34899999999999;2010;8133;LOJAS RENNER
0;1.751;2010;8192;TREVISA
0;17.349.638  ;2010;8397;MANGELS INDL
0;16.167;2010;8427;ESTRELA
0;448.450.042  ;2010;8451;MARCOPOLO
0;42.769.500  ;2010;8575;METAL LEVE
0;412.68199999999996;2010;8656;GERDAU MET
0;963.939;2010;8672;JEREISSATI
0;9.764.483  ;2010;8753;METISA
0;11.298;2010;8893;MONT ARANHA
0;13.579;2010;9040;NADIR FIGUEI
0;126.75299999999999;2010;9067;SUZANO HOLD
0;3.762.450  ;2010;906;BRADESCO
0;4.592.197  ;2010;9342;DIMED
0;319.176.942  ;2010;9393;PARANAPANEMA
0;8.856;2010;94;PANATLANTICA
0;13.044.497  ;2010;9512;PETROBRAS
0;84.682.269  ;2010;9954;ALFA HOLDING
0;901.092;2010;9989;PET MANGUINH
0;2.865.416.988  ;2011;1023;BRASIL
0;353.45599999999996;2011;10456;ALPARGATAS
0;28.596;2011;10472;SARAIVA LIVR
0;2.568;2011;10880;SONDOTECNICA
0;126.471.030  ;2011;10960;SPRINGER
0;7.282.934  ;2011;11070;WLM IND COM
0;38.359;2011;11223;TEKA
0;2.694;2011;11231;TEKNO
0;603.02;2011;11312;OI
0;2.321.500  ;2011;11398;CRISTAL
0;151.488;2011;1155;BANESTES
0;835.498;2011;11592;UNIPAR
0;280.000.000  ;2011;11762;VULCABRAS
0;94.863;2011;11932;IOCHP-MAXION
0;27.000.000  ;2011;11975;AZEVEDO
0;20.58;2011;11991;WETZEL SA
0;408.974;2011;1210;BANRISUL
0;54.065;2011;12190;BOMBRIL
0;11.651;2011;12530;ITAUTEC
0;63.911;2011;12572;RECRUSUL
0;917.683.296  ;2011;12653;KLABIN SA
0;19.291;2011;12696;SANSUY
0;185.955;2011;12823;ALIPERTI
0;35.4;2011;1325;MERC BRASIL
0;10.582;2011;13285;JOSAPAR
0;166.43;2011;13471;PLASCAR PART
0;507.150.000  ;2011;13765;MINUPAR
0;159.009;2011;13773;PORTOBELLO
0;57.736999999999995;2011;13781;SAO CARLOS
0;90.22399999999999;2011;1384;ALFA INVEST
0;408.892;2011;13986;SUZANO S.A
0;243.785;2011;14109;RANDON PART
0;1.322.640.735  ;2011;14133;TECTOY
0;36.305;2011;14206;BRB BANCO
0;273.655.375  ;2011;14311;COPEL
0;1.013.786.190  ;2011;14320;USIMINAS
0;1.502.786  ;2011;14346;WHIRLPOOL
0;227.83599999999998;2011;14443;SABESP
0;9.183.458  ;2011;14451;CEB
0;423.004;2011;14460;CYRELA REALT
0;63.816.925  ;2011;14664;SCHULZ
0;163.43;2011;14761;CIA HERING
0;260.23900000000003;2011;14826;P.ACUCAR-CBD
0;282.105;2011;15091;LITEL
0;1.600.000  ;2011;1520;BARDELLA
0;1.099.857  ;2011;15253;ENERGISA
0;707.543.040  ;2011;15300;ALL NORTE
0;210.197.643.696  ;2011;15369;FER C ATLANT
0;149.678;2011;15458;BATTISTELLA
0;5.850.636  ;2011;15539;NEOENERGIA
0;980.0;2011;1562;BAUMER
0;432.099;2011;16101;GAFISA
0;872.473.246  ;2011;16292;BRF SA
0;268.339.296  ;2011;16306;ROSSI RESID
0;1.9;2011;16497;ENCORPAR
0;358.849.702  ;2011;16632;GPC PART
0;327.642;2011;16659;PORTO SEGURO
0;454.75;2011;1694;BIC MONARK
0;36.946999999999996;2011;16993;EMAE
0;652.742.192  ;2011;17329;ENGIE BRASIL
0;687.664.312  ;2011;17450;RUMO S.A
0;14.049.398  ;2011;17493;CAPITALPART
0;45.294.000  ;2011;17558;SELECTPART
0;2.417.632.647  ;2011;17639;TIM PART SA
0;1.125.602  ;2011;17671;TELEF BRASIL
0;660.8610000000001;2011;17892;SANTOS BRP
0;619.761;2011;17914;MMX MINER
0;232.293.875  ;2011;17922;BRAZILIAN FR
0;4.605.523  ;2011;17930;ALL PAULISTA
0;604.485;2011;17973;KROTON
0;66.003;2011;18287;CIBRASEC
0;152.661;2011;18376;TRAN PAULIST
0;115.928;2011;18414;IDEIASNET
0;544.383.996  ;2011;18465;ULTRAPAR
0;962.274.260  ;2011;18660;CPFL ENERGIA
0;12.85;2011;18708;PAR AL BAHIA
0;349.548;2011;18724;BRADESPAR
0;297.688;2011;18775;INVEPAR
0;1.765.587.200  ;2011;18821;CCR SA
0;205.487.716  ;2011;18953;CPFL GERACAO
0;650.0;2011;18970;AES TIETE E
0;779.2360000000001;2011;19062;AGPART
0;64.686.081  ;2011;19100;LIQ
0;17.338.833  ;2011;19305;BIOMM
0;146.0;2011;19330;TRIUNFO PART
0;111.050.752  ;2011;19437;AGCONCESSOES
0;114.931;2011;19445;COPASA
0;558.6990000000001;2011;19453;ECORODOVIAS
0;431.23900000000003;2011;19550;NATURA
0;270.390.004  ;2011;19569;GOL
0;300.72;2011;19615;GRENDENE
0;311.803.015  ;2011;19623;DASA
0;110.0;2011;19658;POMIFRUTAS
0;201.708;2011;19739;LOCALIZA
0;158.805;2011;19763;ENERGIAS BR
0;203.934.060  ;2011;19879;LIGHT SA
0;449.542;2011;19909;BR MALLS PAR
0;180.00400000000002;2011;19925;BR PROPERT
0;159.466.791  ;2011;19992;TOTVS
0;109.226.672  ;2011;20010;EQUATORIAL
0;55.75;2011;20028;VALID
0;47.737.703  ;2011;20060;LUPATECH
0;740.465;2011;20087;EMBRAER
0;177.098.264  ;2011;20125;ODONTOPREV
0;263.499;2011;20257;TAESA
0;2.896.785  ;2011;20320;CEMIG GT
0;113.450.000  ;2011;20338;M.DIASBRANCO
0;33.299;2011;20346;PROFARMA
0;2.320.145  ;2011;20354;TERRA SANTA
0;87.8;2011;20362;POSITIVO TEC
0;56.562;2011;20370;LOPES BRASIL
0;185.967;2011;20435;TECNISA
0;48.575;2011;20451;RNI
0;1.123.632  ;2011;20478;PDG REALT
0;79.255.489  ;2011;20494;IGUATEMI
0;233.293.408  ;2011;20524;EVEN
0;399.044.117  ;2011;20532;SANTANDER BR
0;2.061.370.145  ;2011;20540;CPFL RENOVAV
0;84.034.266  ;2011;20567;PINE
0;3.061.444.191  ;2011;20575;JBS
0;428.762.581  ;2011;20605;JHSF PART
0;41.43899999999999;2011;20613;METALFRIO
0;48.471000000000004;2011;20621;FER HERINGER
0;48.443.062  ;2011;20630;CR2
0;285.309;2011;20702;VIVER
0;91.712;2011;20710;LOG-IN
0;98.897.500  ;2011;20745;SLC AGRICOLA
0;146.724.120  ;2011;20770;EZTEC
0;346.983.954  ;2011;20788;MARFRIG
0;66.003;2011;20800;TEGMA
0;65.097;2011;20877;HELBOR
0;63.105.693  ;2011;20885;INDUSVAL
0;482.71;2011;20915;MRV
0;105.909.718  ;2011;20931;MINERVA
0;135.644.240  ;2011;20958;ABC BRASIL
0;143.64700000000002;2011;20966;SPRINGS
0;179.197.214  ;2011;20982;MULTIPLAN
0;159.816.337  ;2011;20990;B2W DIGITAL
0;50.480.600  ;2011;21008;GENERALSHOPP
0;36.96;2011;2100;CAMBUCI
0;82.25200000000001;2011;21016;ESTACIO PART
0;340;2011;21032;ALGAR TELEC
0;86.5;2011;21040;CYRE COM-CCP
0;550.035;2011;21091;DURATEX
0;830.434.740  ;2011;21121;SUL AMERICA
0;81.79899999999999;2011;21130;TRISUL
0;633.058;2011;21148;TENDA
0;21.831999999999997;2011;21156;J.MACEDO
0;179.043;2011;21180;BR BROKERS
0;244.343.940  ;2011;21199;BANCO PAN
0;136.721;2011;21237;ENEVA
0;139.467;2011;21300;ALIANSCE
0;280.575.225  ;2011;21342;OSX BRASIL
0;153.244.532  ;2011;21350;DIRECIONAL
0;32.774;2011;21393;CELGPAR
0;626.784.912  ;2011;21431;HYPERA
0;163.910.000  ;2011;21490;ALUPAR
0;285.139;2011;21555;UNIDAS
0;1.980.000.000  ;2011;21610;B3
0;195.596.248  ;2011;21636;RENOVA
0;48.193000000000005;2011;21717;TARPON INV
0;80.359;2011;21725;ADVANCED-DH
0;545.913.520  ;2011;21733;CIELO
0;156.203.919  ;2011;21881;FLEURY
0;391.283;2011;21903;ECON
0;201.329.600  ;2011;22020;JSL
0;184.551;2011;22055;LOJAS MARISA
0;5.856.247  ;2011;22187;PETRORIO
0;95.028.140  ;2011;22217;ALPER S.A
0;88.542;2011;22349;AREZZO CO
0;76.423.831  ;2011;22357;SIERRABRASIL
0;265.806.905  ;2011;22365;ENAUTA PART
0;69.29;2011;22454;TIME FOR FUN
0;186.49400000000003;2011;22470;MAGAZ LUIZA
0;260.083.463  ;2011;22497;QUALICORP
0;159.699.158  ;2011;22500;BR PHARMA
0;76.175.206  ;2011;22519;TECHNOS
0;226.471.052  ;2011;22551;SOMOS EDUCA
0;100.000.000  ;2011;22594;STATKRAFT
0;2.400.000  ;2011;22616;BTGP BANCO
0;31.189.890  ;2011;22691;LOCAMERICA
0;1.025.926  ;2011;22799;SINQIA
0;13.524.889  ;2011;23035;LINX
0;107.515.296  ;2011;23221;SER EDUCA
0;67.636.917  ;2011;23574;IMC SA
0;8.104;2011;2429;CELUL IRANI
0;1.352.634.100  ;2011;2437;ELETROBRAS
0;682.415;2011;2453;CEMIG
0;38.571;2011;2461;CELESC
0;88.320.000  ;2011;3069;FERBASA
0;10.000.000  ;2011;3077;CEDRO
0;7.68;2011;3115;SEG AL BAHIA
0;116.675;2011;3158;COTEMINAS
0;426.592;2011;3190;REDE ENERGIA
0;9.133.687  ;2011;3298;HABITASUL
0;145;2011;3395;IND CATAGUAS
0;6.5729999999999995;2011;3654;MELHOR SP
0;1.719.659  ;2011;3980;GERDAU
0;1.457.970.108  ;2011;4030;SID NACIONAL
0;39.299;2011;4081;SANTANENSE
0;14.405999999999999;2011;4146;KARSTEN
0;5.365.305  ;2011;4170;VALE
0;21.709.458  ;2011;4537;GRAZZIOTIN
0;62.400.000  ;2011;4669;GUARARAPES
0;73.646.388  ;2011;4707;ALFA CONSORC
0;372.119;2011;4723;CONST A LIND
0;801.665;2011;4820;BRASKEM
0;23.153000000000002;2011;4863;COR RIBEIRO
0;50.430.190  ;2011;5207;DOHLER
0;330.386.000  ;2011;5258;RAIADROGASIL
0;284.406.078  ;2011;5312;MUNDIAL
0;620.405.029  ;2011;5410;WEG
0;89.5;2011;5762;ETERNIT
0;92.619;2011;5770;EUCATEX
0;141.412.617  ;2011;6173;FORJA TAURUS
0;102.381;2011;6211;FRAS-LE
0;57.138999999999996;2011;6343;TUPY
0;322.688;2011;6505;VIAVAREJO
0;183.72400000000002;2011;6700;HOTEIS OTHON
0;12.504.967  ;2011;6815;IGB SA
0;5.996.334  ;2011;701;BAHEMA
0;74.757.547  ;2011;7510;INDS ROMI
0;42.593;2011;7544;TEX RENAUX
0;95.66;2011;7595;INEPAR
0;4.415.482  ;2011;7617;ITAUSA
0;100.000.000  ;2011;7811;JOAO FORTES
0;1.309.271  ;2011;7870;KEPLER WEBER
0;165.452.953  ;2011;80020;GP INVEST
0;71.14399999999999;2011;80047;WILSON SONS
0;149.22299999999998;2011;80152;PPLA
0;774.971.710  ;2011;8087;LOJAS AMERIC
0;122.821;2011;8133;LOJAS RENNER
0;1.751;2011;8192;TREVISA
0;17.349.638  ;2011;8397;MANGELS INDL
0;16.167;2011;8427;ESTRELA
0;448.450.042  ;2011;8451;MARCOPOLO
0;42.769.500  ;2011;8575;METAL LEVE
0;412.681;2011;8656;GERDAU MET
0;963.939;2011;8672;JEREISSATI
0;9.764.483  ;2011;8753;METISA
0;11.298;2011;8893;MONT ARANHA
0;13.579;2011;9040;NADIR FIGUEI
0;126.75299999999999;2011;9067;SUZANO HOLD
0;3.824.794  ;2011;906;BRADESCO
0;4.578.062  ;2011;9342;DIMED
0;319.176.942  ;2011;9393;PARANAPANEMA
0;9.48;2011;94;PANATLANTICA
0;13.044.497  ;2011;9512;PETROBRAS
0;84.682.269  ;2011;9954;ALFA HOLDING
0;931.451;2011;9989;PET MANGUINH
0;2.865.417.020  ;2012;1023;BRASIL
0;388.801;2012;10456;ALPARGATAS
0;28.596;2012;10472;SARAIVA LIVR
0;2.568;2012;10880;SONDOTECNICA
0;126.471.030  ;2012;10960;SPRINGER
0;7.282.934  ;2012;11070;WLM IND COM
0;50.315;2012;11223;TEKA
0;2.7710000000000004;2012;11231;TEKNO
0;1.797.087  ;2012;11312;OI
0;2.321.500  ;2012;11398;CRISTAL
0;1.515.152  ;2012;1155;BANESTES
0;835.498;2012;11592;UNIPAR
0;280.0;2012;11762;VULCABRAS
0;94.863;2012;11932;IOCHP-MAXION
0;27.000.000  ;2012;11975;AZEVEDO
0;20.58;2012;11991;WETZEL SA
0;408.974;2012;1210;BANRISUL
0;54.065;2012;12190;BOMBRIL
0;11.651;2012;12530;ITAUTEC
0;233.303;2012;12572;RECRUSUL
0;917.683.296  ;2012;12653;KLABIN SA
0;19.291;2012;12696;SANSUY
0;185.955;2012;12823;ALIPERTI
0;42.5;2012;1325;MERC BRASIL
0;10.582;2012;13285;JOSAPAR
0;11.900.000  ;2012;13366;HAGA SA
0;239.854;2012;13471;PLASCAR PART
0;710.010.000  ;2012;13765;MINUPAR
0;159.009;2012;13773;PORTOBELLO
0;57.736999999999995;2012;13781;SAO CARLOS
0;90.22399999999999;2012;1384;ALFA INVEST
0;1.107.677  ;2012;13986;SUZANO S.A
0;243.785;2012;14109;RANDON PART
0;1.322.640.735  ;2012;14133;TECTOY
0;36.305;2012;14206;BRB BANCO
0;273.655.375  ;2012;14311;COPEL
0;1.013.786.190  ;2012;14320;USIMINAS
0;1.502.786  ;2012;14346;WHIRLPOOL
0;227.836.623  ;2012;14443;SABESP
0;9.183.458  ;2012;14451;CEB
0;416.659;2012;14460;CYRELA REALT
0;63.816.925  ;2012;14664;SCHULZ
0;164.22400000000002;2012;14761;CIA HERING
0;263.41;2012;14826;P.ACUCAR-CBD
0;281.163;2012;15091;LITEL
0;1.600.000  ;2012;1520;BARDELLA
0;1.099.857  ;2012;15253;ENERGISA
0;765.326.706  ;2012;15300;ALL NORTE
0;210.197.643.696  ;2012;15369;FER C ATLANT
0;149.678;2012;15458;BATTISTELLA
0;5.850.636  ;2012;15539;NEOENERGIA
0;980.0;2012;1562;BAUMER
0;433.23;2012;16101;GAFISA
0;872.473.246  ;2012;16292;BRF SA
0;417.555.563  ;2012;16306;ROSSI RESID
0;48.582.043  ;2012;16438;SUL 116 PART
0;1.9;2012;16497;ENCORPAR
0;358.849.702  ;2012;16632;GPC PART
0;324.66900000000004;2012;16659;PORTO SEGURO
0;454.75;2012;1694;BIC MONARK
0;36.946999999999996;2012;16993;EMAE
0;652.742.192  ;2012;17329;ENGIE BRASIL
0;687.664.312  ;2012;17450;RUMO S.A
0;14.049.398  ;2012;17493;CAPITALPART
0;45.294.000  ;2012;17558;SELECTPART
0;2.417.632.647  ;2012;17639;TIM PART SA
0;1.125.602  ;2012;17671;TELEF BRASIL
0;664.1610000000001;2012;17892;SANTOS BRP
0;624.3240000000001;2012;17914;MMX MINER
0;972;2012;17922;BRAZILIAN FR
0;4.605.522.677  ;2012;17930;ALL PAULISTA
0;134.352;2012;17973;KROTON
0;66.003;2012;18287;CIBRASEC
0;152.661.565  ;2012;18376;TRAN PAULIST
0;115.928;2012;18414;IDEIASNET
0;544.383.996  ;2012;18465;ULTRAPAR
0;962.274.260  ;2012;18660;CPFL ENERGIA
0;12.85;2012;18708;PAR AL BAHIA
0;349.548;2012;18724;BRADESPAR
0;429.171;2012;18775;INVEPAR
0;1.765.587.200  ;2012;18821;CCR SA
0;205.487.716  ;2012;18953;CPFL GERACAO
0;650.0;2012;18970;AES TIETE E
0;1.078.236  ;2012;19062;AGPART
0;64.686.081  ;2012;19100;LIQ
0;17.339000000000002;2012;19305;BIOMM
0;146.0;2012;19330;TRIUNFO PART
0;4.570.936  ;2012;19348;ITAUUNIBANCO
0;111.050.752  ;2012;19437;AGCONCESSOES
0;119.684;2012;19445;COPASA
0;558.6990000000001;2012;19453;ECORODOVIAS
0;431.23900000000003;2012;19550;NATURA
0;278.716.786  ;2012;19569;GOL
0;300.72;2012;19615;GRENDENE
0;311.803.015  ;2012;19623;DASA
0;150.0;2012;19658;POMIFRUTAS
0;201.708;2012;19739;LOCALIZA
0;476.415;2012;19763;ENERGIAS BR
0;203.934.060  ;2012;19879;LIGHT SA
0;453.36400000000003;2012;19909;BR MALLS PAR
0;311.613;2012;19925;BR PROPERT
0;161.629.945  ;2012;19992;TOTVS
0;185.243.902  ;2012;20010;EQUATORIAL
0;55.75;2012;20028;VALID
0;157.003.138  ;2012;20060;LUPATECH
0;740.465;2012;20087;EMBRAER
0;531.294.792  ;2012;20125;ODONTOPREV
0;170.122.934  ;2012;20184;CCX CARVAO
0;1.033.497  ;2012;20257;TAESA
0;2.896.785  ;2012;20320;CEMIG GT
0;113.450.000  ;2012;20338;M.DIASBRANCO
0;33.543;2012;20346;PROFARMA
0;3.486.812  ;2012;20354;TERRA SANTA
0;87.8;2012;20362;POSITIVO TEC
0;57.07899999999999;2012;20370;LOPES BRASIL
0;185.967;2012;20435;TECNISA
0;48.575;2012;20451;RNI
0;1.333.648  ;2012;20478;PDG REALT
0;158.510.978  ;2012;20494;IGUATEMI
0;233.293.408  ;2012;20524;EVEN
0;399.044.117  ;2012;20532;SANTANDER BR
0;412.274.029  ;2012;20540;CPFL RENOVAV
0;108.631.100  ;2012;20567;PINE
0;2.943.644.008  ;2012;20575;JBS
0;430.550.735  ;2012;20605;JHSF PART
0;41.43899999999999;2012;20613;METALFRIO
0;48.471.407  ;2012;20621;FER HERINGER
0;48.443.062  ;2012;20630;CR2
0;334.965;2012;20702;VIVER
0;91.712;2012;20710;LOG-IN
0;98.897.500  ;2012;20745;SLC AGRICOLA
0;146.724.120  ;2012;20770;EZTEC
0;476.997.405  ;2012;20788;MARFRIG
0;66.002;2012;20800;TEGMA
0;195.291;2012;20877;HELBOR
0;63.105.693  ;2012;20885;INDUSVAL
0;482.744;2012;20915;MRV
0;146.307.556  ;2012;20931;MINERVA
0;140.412.400  ;2012;20958;ABC BRASIL
0;200.0;2012;20966;SPRINGS
0;179.197.214  ;2012;20982;MULTIPLAN
0;156.536.355  ;2012;20990;B2W DIGITAL
0;50.480.600  ;2012;21008;GENERALSHOPP
0;36.96;2012;2100;CAMBUCI
0;82.505;2012;21016;ESTACIO PART
0;340;2012;21032;ALGAR TELEC
0;83.0;2012;21040;CYRE COM-CCP
0;550.054;2012;21091;DURATEX
0;842.224.359  ;2012;21121;SUL AMERICA
0;81.79899999999999;2012;21130;TRISUL
0;633.137;2012;21148;TENDA
0;21.831999999999997;2012;21156;J.MACEDO
0;190.81400000000002;2012;21180;BR BROKERS
0;535.076.075  ;2012;21199;BANCO PAN
0;578.242;2012;21237;ENEVA
0;156.408.813  ;2012;21300;ALIANSCE
0;12.414.678  ;2012;21334;NUTRIPLANT
0;293.712.408  ;2012;21342;OSX BRASIL
0;153.972.578  ;2012;21350;DIRECIONAL
0;32.774;2012;21393;CELGPAR
0;627.396.559  ;2012;21431;HYPERA
0;163.910.000  ;2012;21490;ALUPAR
0;285.139;2012;21555;UNIDAS
0;1.980.000.000  ;2012;21610;B3
0;229.914.529  ;2012;21636;RENOVA
0;47.849;2012;21717;TARPON INV
0;80.359;2012;21725;ADVANCED-DH
0;655.096.224  ;2012;21733;CIELO
0;156.318.136  ;2012;21881;FLEURY
0;696.715;2012;21903;ECON
0;216.799.134  ;2012;22020;JSL
0;185.449;2012;22055;LOJAS MARISA
0;295.412.650  ;2012;22187;PETRORIO
0;96.743.021  ;2012;22217;ALPER S.A
0;88.587;2012;22349;AREZZO CO
0;76.423.831  ;2012;22357;SIERRABRASIL
0;265.806.905  ;2012;22365;ENAUTA PART
0;69.791;2012;22454;TIME FOR FUN
0;186.49400000000003;2012;22470;MAGAZ LUIZA
0;263.401.198  ;2012;22497;QUALICORP
0;254.649.970  ;2012;22500;BR PHARMA
0;77.183.412  ;2012;22519;TECHNOS
0;227.029.787  ;2012;22551;SOMOS EDUCA
0;107.439.555  ;2012;22594;STATKRAFT
0;2.714.902.212  ;2012;22616;BTGP BANCO
0;65.044.293  ;2012;22691;LOCAMERICA
0;8.207.408  ;2012;22799;SINQIA
0;13.524.889  ;2012;23035;LINX
0;470.563.927  ;2012;23159;BBSEGURIDADE
0;61.266.737  ;2012;23175;IGUA SA
0;1.693.109  ;2012;23248;ANIMA
0;134.362;2012;23272;LOG COM PROP
0;87.163.450  ;2012;23280;OURO VERDE
0;43.527;2012;23310;CVC BRASIL
0;68.536.917  ;2012;23574;IMC SA
0;162.09;2012;2429;CELUL IRANI
0;1.352.634.100  ;2012;2437;ELETROBRAS
0;852.655;2012;2453;CEMIG
0;38.571;2012;2461;CELESC
0;88.320.000  ;2012;3069;FERBASA
0;10.000.000  ;2012;3077;CEDRO
0;7.68;2012;3115;SEG AL BAHIA
0;116.675;2012;3158;COTEMINAS
0;426.592;2012;3190;REDE ENERGIA
0;9.133.687  ;2012;3298;HABITASUL
0;145;2012;3395;IND CATAGUAS
0;6.405;2012;3654;MELHOR SP
0;1.719.658.728  ;2012;3980;GERDAU
0;1.457.970.108  ;2012;4030;SID NACIONAL
0;39.299;2012;4081;SANTANENSE
0;14.405999999999999;2012;4146;KARSTEN
0;5.365.305  ;2012;4170;VALE
0;21.768.245  ;2012;4537;GRAZZIOTIN
0;62.400.000  ;2012;4669;GUARARAPES
0;73.646.388  ;2012;4707;ALFA CONSORC
0;372.119;2012;4723;CONST A LIND
0;797.265.348  ;2012;4820;BRASKEM
0;23.153000000000002;2012;4863;COR RIBEIRO
0;50.430.190  ;2012;5207;DOHLER
0;330.386.000  ;2012;5258;RAIADROGASIL
0;297.631.213  ;2012;5312;MUNDIAL
0;620.405.029  ;2012;5410;WEG
0;89.5;2012;5762;ETERNIT
0;92.619;2012;5770;EUCATEX
0;141.412.617  ;2012;6173;FORJA TAURUS
0;102.381;2012;6211;FRAS-LE
0;114.27799999999999;2012;6343;TUPY
0;322.688;2012;6505;VIAVAREJO
0;183.72400000000002;2012;6700;HOTEIS OTHON
0;12.504.967  ;2012;6815;IGB SA
0;5.996.334  ;2012;701;BAHEMA
0;74.757.547  ;2012;7510;INDS ROMI
0;42.592;2012;7544;TEX RENAUX
0;95.66;2012;7595;INEPAR
0;4.847.460  ;2012;7617;ITAUSA
0;135.060.000  ;2012;7811;JOAO FORTES
0;26.185;2012;7870;KEPLER WEBER
0;159.104.662  ;2012;80020;GP INVEST
0;71.14399999999999;2012;80047;WILSON SONS
0;719.264.737  ;2012;80063;PATAGONIA
0;522.62;2012;80152;PPLA
0;992.093.910  ;2012;8087;LOJAS AMERIC
0;124.17;2012;8133;LOJAS RENNER
0;1.751;2012;8192;TREVISA
0;17.349.638  ;2012;8397;MANGELS INDL
0;16.167;2012;8427;ESTRELA
0;448.450.042  ;2012;8451;MARCOPOLO
0;128.308.500  ;2012;8575;METAL LEVE
0;412.681.538  ;2012;8656;GERDAU MET
0;963.939;2012;8672;JEREISSATI
0;9.764.483  ;2012;8753;METISA
0;11.298;2012;8893;MONT ARANHA
0;13.579;2012;9040;NADIR FIGUEI
0;126.75299999999999;2012;9067;SUZANO HOLD
0;3.824.794  ;2012;906;BRADESCO
0;4.570.582  ;2012;9342;DIMED
0;319.176.942  ;2012;9393;PARANAPANEMA
0;9.777999999999999;2012;94;PANATLANTICA
0;13.044.497  ;2012;9512;PETROBRAS
0;84.682.269  ;2012;9954;ALFA HOLDING
0;931.451;2012;9989;PET MANGUINH
0;2.865.417.020  ;2013;1023;BRASIL
0;427.68199999999996;2013;10456;ALPARGATAS
0;28.596;2013;10472;SARAIVA LIVR
0;2.457;2013;10880;SONDOTECNICA
0;126.471.030  ;2013;10960;SPRINGER
0;7.282.934  ;2013;11070;WLM IND COM
0;99.305;2013;11207;TECNOSOLO
0;50.315;2013;11223;TEKA
0;2.8569999999999998;2013;11231;TEKNO
0;1.797.087  ;2013;11312;OI
0;2.321.499.770  ;2013;11398;CRISTAL
0;1.579.564  ;2013;1155;BANESTES
0;740.921;2013;11762;VULCABRAS
0;94.863;2013;11932;IOCHP-MAXION
0;27.000.000  ;2013;11975;AZEVEDO
0;20.58;2013;11991;WETZEL SA
0;408.974;2013;1210;BANRISUL
0;54.065;2013;12190;BOMBRIL
0;11.651;2013;12530;ITAUTEC
0;233.303;2013;12572;RECRUSUL
0;917.683.296  ;2013;12653;KLABIN SA
0;19.291;2013;12696;SANSUY
0;185.955;2013;12823;ALIPERTI
0;46.1;2013;1325;MERC BRASIL
0;10.582;2013;13285;JOSAPAR
0;11.900.000  ;2013;13366;HAGA SA
0;242.018;2013;13471;PLASCAR PART
0;710.010.000  ;2013;13765;MINUPAR
0;159.009;2013;13773;PORTOBELLO
0;57.736999999999995;2013;13781;SAO CARLOS
0;90.22399999999999;2013;1384;ALFA INVEST
0;1.107.739  ;2013;13986;SUZANO S.A
0;243.785;2013;14109;RANDON PART
0;1.322.640.735  ;2013;14133;TECTOY
0;36.304;2013;14206;BRB BANCO
0;273.655.375  ;2013;14311;COPEL
0;1.013.786.190  ;2013;14320;USIMINAS
0;1.502.786  ;2013;14346;WHIRLPOOL
0;9.183.458  ;2013;14451;CEB
0;416.659;2013;14460;CYRELA REALT
0;63.816.925  ;2013;14664;SCHULZ
0;164.611;2013;14761;CIA HERING
0;264.453;2013;14826;P.ACUCAR-CBD
0;275.514;2013;15091;LITEL
0;1.600.000  ;2013;1520;BARDELLA
0;1.245.690  ;2013;15253;ENERGISA
0;210.197.643.696  ;2013;15369;FER C ATLANT
0;149.678;2013;15458;BATTISTELLA
0;5.850.636  ;2013;15539;NEOENERGIA
0;980.0;2013;1562;BAUMER
0;435.559;2013;16101;GAFISA
0;872.473.246  ;2013;16292;BRF SA
0;428.473.420  ;2013;16306;ROSSI RESID
0;1.9;2013;16497;ENCORPAR
0;358.849.702  ;2013;16632;GPC PART
0;323.293;2013;16659;PORTO SEGURO
0;454.75;2013;1694;BIC MONARK
0;36.946999999999996;2013;16993;EMAE
0;652.742.192  ;2013;17329;ENGIE BRASIL
0;687.664.312  ;2013;17450;RUMO S.A
0;14.049.398  ;2013;17493;CAPITALPART
0;45.294.000  ;2013;17558;SELECTPART
0;2.417.632.647  ;2013;17639;TIM PART SA
0;1.125.602  ;2013;17671;TELEF BRASIL
0;666.086;2013;17892;SANTOS BRP
0;973.227;2013;17914;MMX MINER
0;51;2013;17922;BRAZILIAN FR
0;268.704;2013;17973;KROTON
0;66.003;2013;18287;CIBRASEC
0;152.661;2013;18376;TRAN PAULIST
0;122.27;2013;18414;IDEIASNET
0;544.383.996  ;2013;18465;ULTRAPAR
0;962.274.260  ;2013;18660;CPFL ENERGIA
0;12.85;2013;18708;PAR AL BAHIA
0;349.548;2013;18724;BRADESPAR
0;429.171;2013;18775;INVEPAR
0;1.765.587.200  ;2013;18821;CCR SA
0;205.487.717  ;2013;18953;CPFL GERACAO
0;650.0;2013;18970;AES TIETE E
0;1.114.376.890  ;2013;19062;AGPART
0;345.767.870  ;2013;19100;LIQ
0;29.89;2013;19305;BIOMM
0;176.0;2013;19330;TRIUNFO PART
0;5.028.030  ;2013;19348;ITAUUNIBANCO
0;111.050.752  ;2013;19437;AGCONCESSOES
0;119.684;2013;19445;COPASA
0;558.6990000000001;2013;19453;ECORODOVIAS
0;431.23900000000003;2013;19550;NATURA
0;278.861.326  ;2013;19569;GOL
0;300.72;2013;19615;GRENDENE
0;311.803.015  ;2013;19623;DASA
0;150.0;2013;19658;POMIFRUTAS
0;211.793;2013;19739;LOCALIZA
0;476.415;2013;19763;ENERGIAS BR
0;407.214.353  ;2013;19836;COSAN
0;203.934.060  ;2013;19879;LIGHT SA
0;457.066;2013;19909;BR MALLS PAR
0;312.653;2013;19925;BR PROPERT
0;163.467.071  ;2013;19992;TOTVS
0;198.447.352  ;2013;20010;EQUATORIAL
0;55.75;2013;20028;VALID
0;157.604.619  ;2013;20060;LUPATECH
0;740.465;2013;20087;EMBRAER
0;531.294.792  ;2013;20125;ODONTOPREV
0;170.122.934  ;2013;20184;CCX CARVAO
0;1.033.497  ;2013;20257;TAESA
0;113.450.000  ;2013;20338;M.DIASBRANCO
0;33.208;2013;20346;PROFARMA
0;387.42400000000004;2013;20354;TERRA SANTA
0;87.8;2013;20362;POSITIVO TEC
0;114.382;2013;20370;LOPES BRASIL
0;185.967;2013;20435;TECNISA
0;48.575;2013;20451;RNI
0;1.339.547  ;2013;20478;PDG REALT
0;176.611.578  ;2013;20494;IGUATEMI
0;233.293.408  ;2013;20524;EVEN
0;399.044.117  ;2013;20532;SANTANDER BR
0;441.425.692  ;2013;20540;CPFL RENOVAV
0;110.842.313  ;2013;20567;PINE
0;2.943.644.008  ;2013;20575;JBS
0;432.043.157  ;2013;20605;JHSF PART
0;41.43899999999999;2013;20613;METALFRIO
0;48.443.062  ;2013;20630;CR2
0;335.309;2013;20702;VIVER
0;91.712;2013;20710;LOG-IN
0;98.897.500  ;2013;20745;SLC AGRICOLA
0;146.724.120  ;2013;20770;EZTEC
0;520.747.405  ;2013;20788;MARFRIG
0;66.002.915  ;2013;20800;TEGMA
0;257.7;2013;20877;HELBOR
0;75.432.804  ;2013;20885;INDUSVAL
0;483.102;2013;20915;MRV
0;145.056.023  ;2013;20931;MINERVA
0;147.232.649  ;2013;20958;ABC BRASIL
0;200.0;2013;20966;SPRINGS
0;189.997.214  ;2013;20982;MULTIPLAN
0;158.999.202  ;2013;20990;B2W DIGITAL
0;50.480.600  ;2013;21008;GENERALSHOPP
0;38.552;2013;2100;CAMBUCI
0;293.415;2013;21016;ESTACIO PART
0;345;2013;21032;ALGAR TELEC
0;83.0;2013;21040;CYRE COM-CCP
0;605.059;2013;21091;DURATEX
0;1.022.205.493  ;2013;21121;SUL AMERICA
0;81.79899999999999;2013;21130;TRISUL
0;633.037.801  ;2013;21148;TENDA
0;21.831999999999997;2013;21156;J.MACEDO
0;190.81400000000002;2013;21180;BR BROKERS
0;535.076.075  ;2013;21199;BANCO PAN
0;702.5239999999999;2013;21237;ENEVA
0;159.025.920  ;2013;21300;ALIANSCE
0;12.414.678  ;2013;21334;NUTRIPLANT
0;312.564;2013;21342;OSX BRASIL
0;155.298.749  ;2013;21350;DIRECIONAL
0;32.774;2013;21393;CELGPAR
0;632.100.787  ;2013;21431;HYPERA
0;624.901.800  ;2013;21490;ALUPAR
0;54.076;2013;21555;UNIDAS
0;1.980.000.000  ;2013;21610;B3
0;231.308.026  ;2013;21636;RENOVA
0;46.288000000000004;2013;21717;TARPON INV
0;81.359;2013;21725;ADVANCED-DH
0;786.115.469  ;2013;21733;CIELO
0;156.293.356  ;2013;21881;FLEURY
0;696.715;2013;21903;ECON
0;216.799.134  ;2013;22020;JSL
0;185.533;2013;22055;LOJAS MARISA
0;297.466.746  ;2013;22187;PETRORIO
0;98.312.688  ;2013;22217;ALPER S.A
0;88.637;2013;22349;AREZZO CO
0;76.423.831  ;2013;22357;SIERRABRASIL
0;265.806.905  ;2013;22365;ENAUTA PART
0;69.791;2013;22454;TIME FOR FUN
0;186.49400000000003;2013;22470;MAGAZ LUIZA
0;266.602.637  ;2013;22497;QUALICORP
0;256.384.419  ;2013;22500;BR PHARMA
0;77.636.196  ;2013;22519;TECHNOS
0;261.257.651  ;2013;22551;SOMOS EDUCA
0;117.001.722  ;2013;22594;STATKRAFT
0;2.714.902.212  ;2013;22616;BTGP BANCO
0;65.075.322  ;2013;22691;LOCAMERICA
0;66.086.364  ;2013;22780;UNICASA
0;11.655.683  ;2013;22799;SINQIA
0;604.037.610  ;2013;22942;MGI PARTICIP
0;46.556000000000004;2013;23035;LINX
0;2.000.000.000  ;2013;23159;BBSEGURIDADE
0;61.266.737  ;2013;23175;IGUA SA
0;125.213.244  ;2013;23221;SER EDUCA
0;82.866.371  ;2013;23248;ANIMA
0;15.644.280  ;2013;23264;AMBEV SA
0;171.453;2013;23272;LOG COM PROP
0;129.729.000  ;2013;23310;CVC BRASIL
0;312.610.024  ;2013;23426;OMEGA GER
0;115.479;2013;23434;LIBRA T RIO
0;939.753.176  ;2013;23485;COSAN LOG
0;8.476.908.148  ;2013;23493;DOMMO
0;68.536.917  ;2013;23574;IMC SA
0;166.72;2013;2429;CELUL IRANI
0;1.352.634.100  ;2013;2437;ELETROBRAS
0;1.258.842  ;2013;2453;CEMIG
0;38.571;2013;2461;CELESC
0;88.320.000  ;2013;3069;FERBASA
0;10.000.000  ;2013;3077;CEDRO
0;7.68;2013;3115;SEG AL BAHIA
0;122.546;2013;3158;COTEMINAS
0;426.592;2013;3190;REDE ENERGIA
0;9.133.687  ;2013;3298;HABITASUL
0;145;2013;3395;IND CATAGUAS
0;6.405;2013;3654;MELHOR SP
0;1.719.658.728  ;2013;3980;GERDAU
0;1.457.970.108  ;2013;4030;SID NACIONAL
0;39.299;2013;4081;SANTANENSE
0;14.405999999999999;2013;4146;KARSTEN
0;5.365.305  ;2013;4170;VALE
0;21.815.945  ;2013;4537;GRAZZIOTIN
0;62.400.000  ;2013;4669;GUARARAPES
0;73.646.388  ;2013;4707;ALFA CONSORC
0;372.119;2013;4723;CONST A LIND
0;797.265.348  ;2013;4820;BRASKEM
0;23.153000000000002;2013;4863;COR RIBEIRO
0;50.430.190  ;2013;5207;DOHLER
0;330.386.000  ;2013;5258;RAIADROGASIL
0;2.480.260  ;2013;5312;MUNDIAL
0;620.905.029  ;2013;5410;WEG
0;89.5;2013;5762;ETERNIT
0;92.619;2013;5770;EUCATEX
0;141.412.617  ;2013;6173;FORJA TAURUS
0;99.98100000000001;2013;6211;FRAS-LE
0;144.178;2013;6343;TUPY
0;1.290.752  ;2013;6505;VIAVAREJO
0;183.72400000000002;2013;6700;HOTEIS OTHON
0;12.504.967  ;2013;6815;IGB SA
0;5.996.334  ;2013;701;BAHEMA
0;71.757.647  ;2013;7510;INDS ROMI
0;42.592;2013;7544;TEX RENAUX
0;103.02799999999999;2013;7595;INEPAR
0;5.470.667  ;2013;7617;ITAUSA
0;177.770.363  ;2013;7811;JOAO FORTES
0;26.185;2013;7870;KEPLER WEBER
0;154.950.202  ;2013;80020;GP INVEST
0;71.14399999999999;2013;80047;WILSON SONS
0;719.264.737  ;2013;80063;PATAGONIA
0;692.995;2013;80152;PPLA
0;993.731.338  ;2013;8087;LOJAS AMERIC
0;125.895;2013;8133;LOJAS RENNER
0;1.7409999999999999;2013;8192;TREVISA
0;17.349.638  ;2013;8397;MANGELS INDL
0;16.167;2013;8427;ESTRELA
0;896.900.084  ;2013;8451;MARCOPOLO
0;128.308.500  ;2013;8575;METAL LEVE
0;412.681.538  ;2013;8656;GERDAU MET
0;963.939;2013;8672;JEREISSATI
0;9.764.483  ;2013;8753;METISA
0;12.251;2013;8893;MONT ARANHA
0;13.579;2013;9040;NADIR FIGUEI
0;168.69799999999998;2013;9067;SUZANO HOLD
0;4.207.274  ;2013;906;BRADESCO
0;4.568.575  ;2013;9342;DIMED
0;319.176.942  ;2013;9393;PARANAPANEMA
0;12.587;2013;94;PANATLANTICA
0;13.044.497  ;2013;9512;PETROBRAS
0;931.451;2013;9989;PET MANGUINH
0;2.865.417.020  ;2014;1023;BRASIL
0;470.45;2014;10456;ALPARGATAS
0;28.596;2014;10472;SARAIVA LIVR
0;2.431;2014;10880;SONDOTECNICA
0;126.471.030  ;2014;10960;SPRINGER
0;7.282.934  ;2014;11070;WLM IND COM
0;99.305;2014;11207;TECNOSOLO
0;50.315;2014;11223;TEKA
0;2.948;2014;11231;TEKNO
0;118.440.782  ;2014;11258;TELEBRAS
0;858.472;2014;11312;OI
0;2.321.499.800  ;2014;11398;CRISTAL
0;1.579.564  ;2014;1155;BANESTES
0;740.921;2014;11762;VULCABRAS
0;94.863;2014;11932;IOCHP-MAXION
0;27.000.000  ;2014;11975;AZEVEDO
0;20.58;2014;11991;WETZEL SA
0;408.974;2014;1210;BANRISUL
0;54.065;2014;12190;BOMBRIL
0;11.199000000000002;2014;12530;ITAUTEC
0;233.303;2014;12572;RECRUSUL
0;4.729.789.565  ;2014;12653;KLABIN SA
0;19.291;2014;12696;SANSUY
0;185.955;2014;12823;ALIPERTI
0;46.1;2014;1325;MERC BRASIL
0;10.582;2014;13285;JOSAPAR
0;11.900.000  ;2014;13366;HAGA SA
0;248.50799999999998;2014;13471;PLASCAR PART
0;710.01;2014;13765;MINUPAR
0;158.488;2014;13773;PORTOBELLO
0;57.736999999999995;2014;13781;SAO CARLOS
0;90.22399999999999;2014;1384;ALFA INVEST
0;1.107.739  ;2014;13986;SUZANO S.A
0;304.731;2014;14109;RANDON PART
0;1.322.640.735  ;2014;14133;TECTOY
0;36.304;2014;14206;BRB BANCO
0;273.655.375  ;2014;14311;COPEL
0;1.013.786.190  ;2014;14320;USIMINAS
0;1.502.786  ;2014;14346;WHIRLPOOL
0;9.183.458  ;2014;14451;CEB
0;399.74300000000005;2014;14460;CYRELA REALT
0;63.816.925  ;2014;14664;SCHULZ
0;164.611;2014;14761;CIA HERING
0;265.283;2014;14826;P.ACUCAR-CBD
0;277.209;2014;15091;LITEL
0;1.600.000  ;2014;1520;BARDELLA
0;1.245.690  ;2014;15253;ENERGISA
0;210.197.643.696  ;2014;15369;FER C ATLANT
0;149.678;2014;15458;BATTISTELLA
0;5.850.636  ;2014;15539;NEOENERGIA
0;9.800.000  ;2014;1562;BAUMER
0;408.066;2014;16101;GAFISA
0;872.473.246  ;2014;16292;BRF SA
0;85.766.684  ;2014;16306;ROSSI RESID
0;1.9;2014;16497;ENCORPAR
0;358.849.702  ;2014;16632;GPC PART
0;323.293;2014;16659;PORTO SEGURO
0;454.75;2014;1694;BIC MONARK
0;36.946999999999996;2014;16993;EMAE
0;652.742.192  ;2014;17329;ENGIE BRASIL
0;687.664.312  ;2014;17450;RUMO S.A
0;14.049.398  ;2014;17493;CAPITALPART
0;45.294.000  ;2014;17558;SELECTPART
0;2.421.032.479  ;2014;17639;TIM PART SA
0;1.125.602  ;2014;17671;TELEF BRASIL
0;666.086;2014;17892;SANTOS BRP
0;162.205;2014;17914;MMX MINER
0;717;2014;17922;BRAZILIAN FR
0;1.623.795.559  ;2014;17973;KROTON
0;66.003;2014;18287;CIBRASEC
0;161.259.455  ;2014;18376;TRAN PAULIST
0;122.27;2014;18414;IDEIASNET
0;556.405.096  ;2014;18465;ULTRAPAR
0;962.274.260  ;2014;18660;CPFL ENERGIA
0;12.85;2014;18708;PAR AL BAHIA
0;349.548;2014;18724;BRADESPAR
0;429.171.372  ;2014;18775;INVEPAR
0;1.765.587.200  ;2014;18821;CCR SA
0;205.487.717  ;2014;18953;CPFL GERACAO
0;650.0;2014;18970;AES TIETE E
0;1.292.376.890  ;2014;19062;AGPART
0;345.767.870  ;2014;19100;LIQ
0;30.826999999999998;2014;19305;BIOMM
0;176.0;2014;19330;TRIUNFO PART
0;5.530.833  ;2014;19348;ITAUUNIBANCO
0;111.050.752  ;2014;19437;AGCONCESSOES
0;119.684;2014;19445;COPASA
0;558.6990000000001;2014;19453;ECORODOVIAS
0;431.23900000000003;2014;19550;NATURA
0;5.174.352.497  ;2014;19569;GOL
0;300.72;2014;19615;GRENDENE
0;311.803.015  ;2014;19623;DASA
0;7.593;2014;19658;POMIFRUTAS
0;211.793;2014;19739;LOCALIZA
0;476.415;2014;19763;ENERGIAS BR
0;407.214.353  ;2014;19836;COSAN
0;203.934.060  ;2014;19879;LIGHT SA
0;460.601;2014;19909;BR MALLS PAR
0;298.228;2014;19925;BR PROPERT
0;163.467.071  ;2014;19992;TOTVS
0;198.447.352  ;2014;20010;EQUATORIAL
0;55.75;2014;20028;VALID
0;4.697.054.385  ;2014;20060;LUPATECH
0;740.465;2014;20087;EMBRAER
0;531.294.792  ;2014;20125;ODONTOPREV
0;170.122.934  ;2014;20184;CCX CARVAO
0;1.033.497  ;2014;20257;TAESA
0;113.450.000  ;2014;20338;M.DIASBRANCO
0;41.50899999999999;2014;20346;PROFARMA
0;537.424;2014;20354;TERRA SANTA
0;87.8;2014;20362;POSITIVO TEC
0;114.382;2014;20370;LOPES BRASIL
0;180.0;2014;20435;TECNISA
0;44.27;2014;20451;RNI
0;1.323.264  ;2014;20478;PDG REALT
0;176.611.578  ;2014;20494;IGUATEMI
0;233.293.408  ;2014;20524;EVEN
0;7.541.616  ;2014;20532;SANTANDER BR
0;503.308.389  ;2014;20540;CPFL RENOVAV
0;121.172.024  ;2014;20567;PINE
0;2.943.644.008  ;2014;20575;JBS
0;432.269.894  ;2014;20605;JHSF PART
0;41.43899999999999;2014;20613;METALFRIO
0;48.443.062  ;2014;20630;CR2
0;335.309;2014;20702;VIVER
0;91.712;2014;20710;LOG-IN
0;98.879.500  ;2014;20745;SLC AGRICOLA
0;146.724.120  ;2014;20770;EZTEC
0;520.747.405  ;2014;20788;MARFRIG
0;66.002.915  ;2014;20800;TEGMA
0;257.7;2014;20877;HELBOR
0;89.535.125  ;2014;20885;INDUSVAL
0;449.139;2014;20915;MRV
0;178.000.090  ;2014;20931;MINERVA
0;154.767.481  ;2014;20958;ABC BRASIL
0;200.0;2014;20966;SPRINGS
0;189.997.214  ;2014;20982;MULTIPLAN
0;255.484.410  ;2014;20990;B2W DIGITAL
0;38.552;2014;2100;CAMBUCI
0;313.077;2014;21016;ESTACIO PART
0;345;2014;21032;ALGAR TELEC
0;83.0;2014;21040;CYRE COM-CCP
0;665.565;2014;21091;DURATEX
0;1.022.205.493  ;2014;21121;SUL AMERICA
0;81.79899999999999;2014;21130;TRISUL
0;633.0369999999999;2014;21148;TENDA
0;21.831999999999997;2014;21156;J.MACEDO
0;192.84;2014;21180;BR BROKERS
0;929.040.163  ;2014;21199;BANCO PAN
0;840.1060000000001;2014;21237;ENEVA
0;159.060.920  ;2014;21300;ALIANSCE
0;12.794.413  ;2014;21334;NUTRIPLANT
0;312.564;2014;21342;OSX BRASIL
0;153.265.983  ;2014;21350;DIRECIONAL
0;32.774;2014;21393;CELGPAR
0;632.100.787  ;2014;21431;HYPERA
0;349.86300000000006;2014;21440;LE LIS BLANC
0;624.901.800  ;2014;21490;ALUPAR
0;54.076;2014;21555;UNIDAS
0;1.900.000.000  ;2014;21610;B3
0;318.655.422  ;2014;21636;RENOVA
0;46.555;2014;21717;TARPON INV
0;81.359;2014;21725;ADVANCED-DH
0;1.566.433.971  ;2014;21733;CIELO
0;156.293.356  ;2014;21881;FLEURY
0;696.715;2014;21903;ECON
0;216.799.134  ;2014;22020;JSL
0;185.533;2014;22055;LOJAS MARISA
0;29.748.449  ;2014;22187;PETRORIO
0;99.953.713  ;2014;22217;ALPER S.A
0;88.682;2014;22349;AREZZO CO
0;76.423.831  ;2014;22357;SIERRABRASIL
0;265.806.905  ;2014;22365;ENAUTA PART
0;67.949;2014;22454;TIME FOR FUN
0;181.494.467  ;2014;22470;MAGAZ LUIZA
0;273.412.588  ;2014;22497;QUALICORP
0;363.051.086  ;2014;22500;BR PHARMA
0;78.506.215  ;2014;22519;TECHNOS
0;261.257.651  ;2014;22551;SOMOS EDUCA
0;117.001.722  ;2014;22594;STATKRAFT
0;2.714.902.212  ;2014;22616;BTGP BANCO
0;65.075.322  ;2014;22691;LOCAMERICA
0;66.086.364  ;2014;22780;UNICASA
0;11.787.203  ;2014;22799;SINQIA
0;575.928.712  ;2014;22942;MGI PARTICIP
0;46.765;2014;23035;LINX
0;2.000.000.000  ;2014;23159;BBSEGURIDADE
0;61.266.737  ;2014;23175;IGUA SA
0;125.213.244  ;2014;23221;SER EDUCA
0;82.865.891  ;2014;23248;ANIMA
0;15.712.619  ;2014;23264;AMBEV SA
0;171.84400000000002;2014;23272;LOG COM PROP
0;87.163.450  ;2014;23280;OURO VERDE
0;131.465.335  ;2014;23310;CVC BRASIL
0;312.61;2014;23426;OMEGA GER
0;115.479;2014;23434;LIBRA T RIO
0;405.856.814  ;2014;23485;COSAN LOG
0;120.758.380  ;2014;23493;DOMMO
0;53.942.307  ;2014;23507;OUROFINO SA
0;84.482.793  ;2014;23574;IMC SA
0;159.907;2014;23590;WIZ S.A
0;50.001.948  ;2014;23710;BR HOME
0;129.974.347  ;2014;23817;BRQ
0;600.241.000  ;2014;23825;MOVIDA
0;166.72;2014;2429;CELUL IRANI
0;1.352.634.100  ;2014;2437;ELETROBRAS
0;1.258.842  ;2014;2453;CEMIG
0;38.571;2014;2461;CELESC
0;88.320.000  ;2014;3069;FERBASA
0;10.000.000  ;2014;3077;CEDRO
0;7.68;2014;3115;SEG AL BAHIA
0;122.546;2014;3158;COTEMINAS
0;1.714.895  ;2014;3190;REDE ENERGIA
0;387.229.828  ;2014;3204;CEEE-GT
0;9.133.687  ;2014;3298;HABITASUL
0;145;2014;3395;IND CATAGUAS
0;6.405;2014;3654;MELHOR SP
0;1.719.658.728  ;2014;3980;GERDAU
0;1.387.524.047  ;2014;4030;SID NACIONAL
0;39.299;2014;4081;SANTANENSE
0;62.053999999999995;2014;4146;KARSTEN
0;5.244.316  ;2014;4170;VALE
0;21.868.370  ;2014;4537;GRAZZIOTIN
0;62.400.000  ;2014;4669;GUARARAPES
0;73.646.388  ;2014;4707;ALFA CONSORC
0;372.119;2014;4723;CONST A LIND
0;797.265.348  ;2014;4820;BRASKEM
0;23.153000000000002;2014;4863;COR RIBEIRO
0;60.516.228  ;2014;5207;DOHLER
0;2.480.260  ;2014;5312;MUNDIAL
0;807.176.538  ;2014;5410;WEG
0;179.0;2014;5762;ETERNIT
0;92.619;2014;5770;EUCATEX
0;177.584.427  ;2014;6173;FORJA TAURUS
0;124.97399999999999;2014;6211;FRAS-LE
0;144.178;2014;6343;TUPY
0;1.290.751  ;2014;6505;VIAVAREJO
0;183.72400000000002;2014;6700;HOTEIS OTHON
0;12.504.967  ;2014;6815;IGB SA
0;71.757.647  ;2014;7510;INDS ROMI
0;42.582;2014;7544;TEX RENAUX
0;103.02799999999999;2014;7595;INEPAR
0;6.110.134  ;2014;7617;ITAUSA
0;240.928.258  ;2014;7811;JOAO FORTES
0;26.309;2014;7870;KEPLER WEBER
0;135.298.651  ;2014;80020;GP INVEST
0;71.14399999999999;2014;80047;WILSON SONS
0;719.264.737  ;2014;80063;PATAGONIA
0;707.619.721  ;2014;80152;PPLA
0;1.215.217.126  ;2014;8087;LOJAS AMERIC
0;127.395;2014;8133;LOJAS RENNER
0;1.733;2014;8192;TREVISA
0;17.349.638  ;2014;8397;MANGELS INDL
0;16.167;2014;8427;ESTRELA
0;896.900.084  ;2014;8451;MARCOPOLO
0;128.308.500  ;2014;8575;METAL LEVE
0;412.681.538  ;2014;8656;GERDAU MET
0;963.939;2014;8672;JEREISSATI
0;9.764.483  ;2014;8753;METISA
0;12.251;2014;8893;MONT ARANHA
0;13.579;2014;9040;NADIR FIGUEI
0;168.69799999999998;2014;9067;SUZANO HOLD
0;4.207.274  ;2014;906;BRADESCO
0;4.565.575  ;2014;9342;DIMED
0;319.176.942  ;2014;9393;PARANAPANEMA
0;16.313;2014;94;PANATLANTICA
0;13.044.497  ;2014;9512;PETROBRAS
0;1.353.832  ;2014;9989;PET MANGUINH
0;2.865.417.020  ;2015;1023;BRASIL
0;470.45;2015;10456;ALPARGATAS
0;28.596;2015;10472;SARAIVA LIVR
0;2.431;2015;10880;SONDOTECNICA
0;126.471.030  ;2015;10960;SPRINGER
0;36.414.670  ;2015;11070;WLM IND COM
0;99.305;2015;11207;TECNOSOLO
0;503;2015;11223;TEKA
0;2.948;2015;11231;TEKNO
0;118.440.782  ;2015;11258;TELEBRAS
0;825.7610000000001;2015;11312;OI
0;23.214.998  ;2015;11398;CRISTAL
0;315.91200000000003;2015;1155;BANESTES
0;740.921;2015;11762;VULCABRAS
0;94.863;2015;11932;IOCHP-MAXION
0;27.000.000  ;2015;11975;AZEVEDO
0;2.0580000000000003;2015;11991;WETZEL SA
0;408.974;2015;1210;BANRISUL
0;54.065;2015;12190;BOMBRIL
0;557;2015;12319;J B DUARTE
0;11.199000000000002;2015;12530;ITAUTEC
0;3.11;2015;12572;RECRUSUL
0;4.732.629.090  ;2015;12653;KLABIN SA
0;19.291;2015;12696;SANSUY
0;185.955;2015;12823;ALIPERTI
0;46.1;2015;1325;MERC BRASIL
0;10.582;2015;13285;JOSAPAR
0;11.900.000  ;2015;13366;HAGA SA
0;4.97;2015;13471;PLASCAR PART
0;710.01;2015;13765;MINUPAR
0;158.488;2015;13773;PORTOBELLO
0;57.736999999999995;2015;13781;SAO CARLOS
0;88.93;2015;1384;ALFA INVEST
0;1.107.739  ;2015;13986;SUZANO S.A
0;304.731;2015;14109;RANDON PART
0;5.287000000000001;2015;14133;TECTOY
0;36.304;2015;14206;BRB BANCO
0;273.655.375  ;2015;14311;COPEL
0;1.013.786.190  ;2015;14320;USIMINAS
0;1.502.786  ;2015;14346;WHIRLPOOL
0;14.416.383  ;2015;14451;CEB
0;399.74300000000005;2015;14460;CYRELA REALT
0;63.816.925  ;2015;14664;SCHULZ
0;163.77100000000002;2015;14761;CIA HERING
0;265.702;2015;14826;P.ACUCAR-CBD
0;275.514;2015;15091;LITEL
0;1.600.000  ;2015;1520;BARDELLA
0;1.336.600  ;2015;15253;ENERGISA
0;5.987;2015;15458;BATTISTELLA
0;5.850.636  ;2015;15539;NEOENERGIA
0;9.800.000  ;2015;1562;BAUMER
0;378.066;2015;16101;GAFISA
0;872.473.246  ;2015;16292;BRF SA
0;85.766.684  ;2015;16306;ROSSI RESID
0;1.9;2015;16497;ENCORPAR
0;358.849.702  ;2015;16632;GPC PART
0;323.293;2015;16659;PORTO SEGURO
0;454.75;2015;1694;BIC MONARK
0;36.946999999999996;2015;16993;EMAE
0;652.742.192  ;2015;17329;ENGIE BRASIL
0;681.995.165  ;2015;17450;RUMO S.A
0;14.049.398  ;2015;17493;CAPITALPART
0;49.327.267  ;2015;17558;SELECTPART
0;2.421.032.479  ;2015;17639;TIM PART SA
0;1.690.985  ;2015;17671;TELEF BRASIL
0;666.086;2015;17892;SANTOS BRP
0;162.205;2015;17914;MMX MINER
0;717;2015;17922;BRAZILIAN FR
0;1.614.707  ;2015;17973;KROTON
0;66.003;2015;18287;CIBRASEC
0;94.43299999999999;2015;18368;GER PARANAP
0;161.259.455  ;2015;18376;TRAN PAULIST
0;16.344;2015;18414;IDEIASNET
0;556.405.096  ;2015;18465;ULTRAPAR
0;993.014.215  ;2015;18660;CPFL ENERGIA
0;12.85;2015;18708;PAR AL BAHIA
0;349.548;2015;18724;BRADESPAR
0;429.171.372  ;2015;18775;INVEPAR
0;1.765.587.200  ;2015;18821;CCR SA
0;205.492.020  ;2015;18953;CPFL GERACAO
0;1.906.268  ;2015;18970;AES TIETE E
0;1.292.376.890  ;2015;19062;AGPART
0;345.767.870  ;2015;19100;LIQ
0;30.826999999999998;2015;19305;BIOMM
0;176.0;2015;19330;TRIUNFO PART
0;6.083.916  ;2015;19348;ITAUUNIBANCO
0;111.050.752  ;2015;19437;AGCONCESSOES
0;119.684;2015;19445;COPASA
0;558.6990000000001;2015;19453;ECORODOVIAS
0;431.23900000000003;2015;19550;NATURA
0;5.238.421.108  ;2015;19569;GOL
0;300.72;2015;19615;GRENDENE
0;310.889.283  ;2015;19623;DASA
0;9.094;2015;19658;POMIFRUTAS
0;211.793;2015;19739;LOCALIZA
0;476.415;2015;19763;ENERGIAS BR
0;407.214.353  ;2015;19836;COSAN
0;203.934.060  ;2015;19879;LIGHT SA
0;463.73199999999997;2015;19909;BR MALLS PAR
0;298.228;2015;19925;BR PROPERT
0;165.637.727  ;2015;19992;TOTVS
0;198.587.352  ;2015;20010;EQUATORIAL
0;64.75;2015;20028;VALID
0;9.393.834  ;2015;20060;LUPATECH
0;740.465;2015;20087;EMBRAER
0;531.294.792  ;2015;20125;ODONTOPREV
0;17.012.293  ;2015;20184;CCX CARVAO
0;1.033.497  ;2015;20257;TAESA
0;113.000.000  ;2015;20338;M.DIASBRANCO
0;41.50899999999999;2015;20346;PROFARMA
0;17.914;2015;20354;TERRA SANTA
0;87.8;2015;20362;POSITIVO TEC
0;114.57700000000001;2015;20370;LOPES BRASIL
0;180.0;2015;20435;TECNISA
0;43.77;2015;20451;RNI
0;491.93199999999996;2015;20478;PDG REALT
0;176.611.578  ;2015;20494;IGUATEMI
0;233.293.408  ;2015;20524;EVEN
0;7.522.647  ;2015;20532;SANTANDER BR
0;503.308.389  ;2015;20540;CPFL RENOVAV
0;121.172.024  ;2015;20567;PINE
0;2.856.857.505  ;2015;20575;JBS
0;525.000.000  ;2015;20605;JHSF PART
0;13.600999999999999;2015;20613;METALFRIO
0;48.443.062  ;2015;20630;CR2
0;339.392;2015;20702;VIVER
0;91.712;2015;20710;LOG-IN
0;98.897.500  ;2015;20745;SLC AGRICOLA
0;157.058.466  ;2015;20770;EZTEC
0;520.747.405  ;2015;20788;MARFRIG
0;66.002.915  ;2015;20800;TEGMA
0;257.7;2015;20877;HELBOR
0;152.527.251  ;2015;20885;INDUSVAL
0;444.139;2015;20915;MRV
0;191.993.702  ;2015;20931;MINERVA
0;164.891.422  ;2015;20958;ABC BRASIL
0;50.0;2015;20966;SPRINGS
0;189.997.214  ;2015;20982;MULTIPLAN
0;257.318.364  ;2015;20990;B2W DIGITAL
0;65.000.000  ;2015;21008;GENERALSHOPP
0;38.552;2015;2100;CAMBUCI
0;307.788;2015;21016;ESTACIO PART
0;345;2015;21032;ALGAR TELEC
0;119.664;2015;21040;CYRE COM-CCP
0;665.565;2015;21091;DURATEX
0;1.022.205.493  ;2015;21121;SUL AMERICA
0;75.758;2015;21130;TRISUL
0;633.0369999999999;2015;21148;TENDA
0;21.831999999999997;2015;21156;J.MACEDO
0;192.84;2015;21180;BR BROKERS
0;929.040.163  ;2015;21199;BANCO PAN
0;16.176.982  ;2015;21237;ENEVA
0;162.735.921  ;2015;21300;ALIANSCE
0;127.944;2015;21334;NUTRIPLANT
0;312.564;2015;21342;OSX BRASIL
0;153.398.749  ;2015;21350;DIRECIONAL
0;32.774;2015;21393;CELGPAR
0;632.238.060  ;2015;21431;HYPERA
0;349.86300000000006;2015;21440;LE LIS BLANC
0;624.901.800  ;2015;21490;ALUPAR
0;54.076;2015;21555;UNIDAS
0;1.815.000.000  ;2015;21610;B3
0;318.772.929  ;2015;21636;RENOVA
0;46.04;2015;21717;TARPON INV
0;81.359;2015;21725;ADVANCED-DH
0;1.881.830.814  ;2015;21733;CIELO
0;156.293.356  ;2015;21881;FLEURY
0;696.715;2015;21903;ECON
0;211.000.000  ;2015;22020;JSL
0;204.08599999999998;2015;22055;LOJAS MARISA
0;65.940.277  ;2015;22187;PETRORIO
0;5.172.939  ;2015;22217;ALPER S.A
0;88.735;2015;22349;AREZZO CO
0;76.423.831  ;2015;22357;SIERRABRASIL
0;265.806.905  ;2015;22365;ENAUTA PART
0;67.501;2015;22454;TIME FOR FUN
0;22.248.933  ;2015;22470;MAGAZ LUIZA
0;274.325.088  ;2015;22497;QUALICORP
0;7.261.021  ;2015;22500;BR PHARMA
0;78.506.215  ;2015;22519;TECHNOS
0;261.257.651  ;2015;22551;SOMOS EDUCA
0;143.347.224  ;2015;22594;STATKRAFT
0;2.756.103.006  ;2015;22616;BTGP BANCO
0;66.086.364  ;2015;22780;UNICASA
0;11.787.203  ;2015;22799;SINQIA
0;575.928.712  ;2015;22942;MGI PARTICIP
0;46.836999999999996;2015;23035;LINX
0;2.000.000.000  ;2015;23159;BBSEGURIDADE
0;61.266.737  ;2015;23175;IGUA SA
0;125.213.244  ;2015;23221;SER EDUCA
0;82.592.482  ;2015;23248;ANIMA
0;15.717.615  ;2015;23264;AMBEV SA
0;174.55700000000002;2015;23272;LOG COM PROP
0;87.163.450  ;2015;23280;OURO VERDE
0;547.945;2015;23302;QUALITY SOFT
0;134.330.243  ;2015;23310;CVC BRASIL
0;312.61;2015;23426;OMEGA GER
0;85.115.479  ;2015;23434;LIBRA T RIO
0;405.856.814  ;2015;23485;COSAN LOG
0;120.758.380  ;2015;23493;DOMMO
0;53.942.307  ;2015;23507;OUROFINO SA
0;84.482.793  ;2015;23574;IMC SA
0;159.907;2015;23590;WIZ S.A
0;50.001.948  ;2015;23710;BR HOME
0;129.996.569  ;2015;23817;BRQ
0;624.250.238  ;2015;23825;MOVIDA
0;19.417.644  ;2015;23965;CINESYSTEM
0;99.847.320  ;2015;24058;ALLIAR
0;166.72;2015;2429;CELUL IRANI
0;1.352.634.100  ;2015;2437;ELETROBRAS
0;1.258.842  ;2015;2453;CEMIG
0;38.571;2015;2461;CELESC
0;88.320.000  ;2015;3069;FERBASA
0;10.000.000  ;2015;3077;CEDRO
0;7.68;2015;3115;SEG AL BAHIA
0;30.636;2015;3158;COTEMINAS
0;1.714.895  ;2015;3190;REDE ENERGIA
0;387.229.828  ;2015;3204;CEEE-GT
0;9.133.687  ;2015;3298;HABITASUL
0;145;2015;3395;IND CATAGUAS
0;6.405;2015;3654;MELHOR SP
0;1.719.658.728  ;2015;3980;GERDAU
0;1.387.524.047  ;2015;4030;SID NACIONAL
0;39.299;2015;4081;SANTANENSE
0;62.053999999999995;2015;4146;KARSTEN
0;5.244.316  ;2015;4170;VALE
0;21.924.020  ;2015;4537;GRAZZIOTIN
0;62.400.000  ;2015;4669;GUARARAPES
0;73.646.388  ;2015;4707;ALFA CONSORC
0;372.119;2015;4723;CONST A LIND
0;797.265.248  ;2015;4820;BRASKEM
0;23.153000000000002;2015;4863;COR RIBEIRO
0;60.516.228  ;2015;5207;DOHLER
0;330.386.000  ;2015;5258;RAIADROGASIL
0;2.480.260  ;2015;5312;MUNDIAL
0;1.614.353.076  ;2015;5410;WEG
0;179.0;2015;5762;ETERNIT
0;92.619;2015;5770;EUCATEX
0;40.448.248  ;2015;6173;FORJA TAURUS
0;124.97399999999999;2015;6211;FRAS-LE
0;144.178;2015;6343;TUPY
0;1.290.886  ;2015;6505;VIAVAREJO
0;18.372;2015;6700;HOTEIS OTHON
0;12.504.967  ;2015;6815;IGB SA
0;68.757.647  ;2015;7510;INDS ROMI
0;42.582;2015;7544;TEX RENAUX
0;149.26;2015;7595;INEPAR
0;6.758.799  ;2015;7617;ITAUSA
0;315.928.258  ;2015;7811;JOAO FORTES
0;26.311999999999998;2015;7870;KEPLER WEBER
0;112.211.173  ;2015;80020;GP INVEST
0;71.14399999999999;2015;80047;WILSON SONS
0;719.264.737  ;2015;80063;PATAGONIA
0;761.373.679  ;2015;80152;PPLA
0;1.200.491.863  ;2015;8087;LOJAS AMERIC
0;640.0409999999999;2015;8133;LOJAS RENNER
0;3.464;2015;8192;TREVISA
0;17.349.638  ;2015;8397;MANGELS INDL
0;16.167;2015;8427;ESTRELA
0;896.900.084  ;2015;8451;MARCOPOLO
0;128.308.500  ;2015;8575;METAL LEVE
0;912.681.538  ;2015;8656;GERDAU MET
0;963.939;2015;8672;JEREISSATI
0;9.137.263  ;2015;8753;METISA
0;12.251;2015;8893;MONT ARANHA
0;13.579;2015;9040;NADIR FIGUEI
0;168.69799999999998;2015;9067;SUZANO HOLD
0;5.048.729  ;2015;906;BRADESCO
0;4.565.575  ;2015;9342;DIMED
0;319.176.942  ;2015;9393;PARANAPANEMA
0;5.1770000000000005;2015;9415;SPTURIS
0;16.51;2015;94;PANATLANTICA
0;13.044.497  ;2015;9512;PETROBRAS
0;1.353.833  ;2015;9989;PET MANGUINH
0;2.865.417.020  ;2016;1023;BRASIL
0;470.45;2016;10456;ALPARGATAS
0;26.701999999999998;2016;10472;SARAIVA LIVR
0;2.431;2016;10880;SONDOTECNICA
0;2.529.419  ;2016;10960;SPRINGER
0;36.414.670  ;2016;11070;WLM IND COM
0;6.62;2016;11207;TECNOSOLO
0;503;2016;11223;TEKA
0;2.948;2016;11231;TEKNO
0;11.844.270  ;2016;11258;TELEBRAS
0;825.7610000000001;2016;11312;OI
0;23.214.998  ;2016;11398;CRISTAL
0;315.91200000000003;2016;1155;BANESTES
0;83.55;2016;11592;UNIPAR
0;185.23;2016;11762;VULCABRAS
0;94.863;2016;11932;IOCHP-MAXION
0;27.000.000  ;2016;11975;AZEVEDO
0;2.0580000000000003;2016;11991;WETZEL SA
0;408.974;2016;1210;BANRISUL
0;54.065;2016;12190;BOMBRIL
0;1.114.954  ;2016;12319;J B DUARTE
0;11.199000000000002;2016;12530;ITAUTEC
0;38.109;2016;12572;RECRUSUL
0;4.733.181.140  ;2016;12653;KLABIN SA
0;192.91;2016;12696;SANSUY
0;18.595;2016;12823;ALIPERTI
0;46.1;2016;1325;MERC BRASIL
0;10.582;2016;13285;JOSAPAR
0;11.900.000  ;2016;13366;HAGA SA
0;4.97;2016;13471;PLASCAR PART
0;7.1;2016;13765;MINUPAR
0;158.489;2016;13773;PORTOBELLO
0;57.736999999999995;2016;13781;SAO CARLOS
0;88.930.584  ;2016;1384;ALFA INVEST
0;1.107.739  ;2016;13986;SUZANO S.A
0;345.776;2016;14109;RANDON PART
0;5.287000000000001;2016;14133;TECTOY
0;36.304;2016;14206;BRB BANCO
0;273.655.375  ;2016;14311;COPEL
0;1.253.079.108  ;2016;14320;USIMINAS
0;1.502.786  ;2016;14346;WHIRLPOOL
0;14.416.383  ;2016;14451;CEB
0;399.74300000000005;2016;14460;CYRELA REALT
0;63.816.925  ;2016;14664;SCHULZ
0;161.22799999999998;2016;14761;CIA HERING
0;266.07599999999996;2016;14826;P.ACUCAR-CBD
0;275.514;2016;15091;LITEL
0;1.600.000  ;2016;1520;BARDELLA
0;1.729.827  ;2016;15253;ENERGISA
0;15.359000000000002;2016;15458;BATTISTELLA
0;779.59;2016;15539;NEOENERGIA
0;9.800.000  ;2016;1562;BAUMER
0;378.066;2016;16101;GAFISA
0;812.473.246  ;2016;16292;BRF SA
0;17.153.337  ;2016;16306;ROSSI RESID
0;1.9;2016;16497;ENCORPAR
0;5.882.782  ;2016;16632;GPC PART
0;323.293;2016;16659;PORTO SEGURO
0;454.75;2016;1694;BIC MONARK
0;36.946999999999996;2016;16993;EMAE
0;652.742.192  ;2016;17329;ENGIE BRASIL
0;1.339.015.898  ;2016;17450;RUMO S.A
0;143.243;2016;17493;CAPITALPART
0;50.612.981  ;2016;17558;SELECTPART
0;2.421.032.479  ;2016;17639;TIM PART SA
0;1.690.985  ;2016;17671;TELEF BRASIL
0;666.086;2016;17892;SANTOS BRP
0;6.4879999999999995;2016;17914;MMX MINER
0;1.626.069.778  ;2016;17973;KROTON
0;41.648999999999994;2016;18287;CIBRASEC
0;94.43299999999999;2016;18368;GER PARANAP
0;164.720.826  ;2016;18376;TRAN PAULIST
0;16.344;2016;18414;IDEIASNET
0;556.405.096  ;2016;18465;ULTRAPAR
0;1.017.914.746  ;2016;18660;CPFL ENERGIA
0;12.85;2016;18708;PAR AL BAHIA
0;349.548;2016;18724;BRADESPAR
0;429.171.372  ;2016;18775;INVEPAR
0;1.765.587.200  ;2016;18821;CCR SA
0;205.492.020  ;2016;18953;CPFL GERACAO
0;1.967.385  ;2016;18970;AES TIETE E
0;1.292.376.890  ;2016;19062;AGPART
0;4.185.596  ;2016;19100;LIQ
0;30.826999999999998;2016;19305;BIOMM
0;176.0;2016;19330;TRIUNFO PART
0;6.582.307  ;2016;19348;ITAUUNIBANCO
0;111.050.752  ;2016;19437;AGCONCESSOES
0;126.39399999999999;2016;19445;COPASA
0;558.6990000000001;2016;19453;ECORODOVIAS
0;431.23900000000003;2016;19550;NATURA
0;5.238.421.108  ;2016;19569;GOL
0;300.72;2016;19615;GRENDENE
0;310.889.283  ;2016;19623;DASA
0;11.942;2016;19658;POMIFRUTAS
0;211.793;2016;19739;LOCALIZA
0;606.85;2016;19763;ENERGIAS BR
0;407.294.353  ;2016;19836;COSAN
0;611.514;2016;19909;BR MALLS PAR
0;298.228;2016;19925;BR PROPERT
0;165.637.727  ;2016;19992;TOTVS
0;198.675.967  ;2016;20010;EQUATORIAL
0;64.75;2016;20028;VALID
0;9.393.834  ;2016;20060;LUPATECH
0;740.465;2016;20087;EMBRAER
0;531.294.792  ;2016;20125;ODONTOPREV
0;17.012.293  ;2016;20184;CCX CARVAO
0;1.033.497  ;2016;20257;TAESA
0;2.896.785  ;2016;20320;CEMIG GT
0;113.000.000  ;2016;20338;M.DIASBRANCO
0;64.83800000000001;2016;20346;PROFARMA
0;17.914;2016;20354;TERRA SANTA
0;87.8;2016;20362;POSITIVO TEC
0;124.73100000000001;2016;20370;LOPES BRASIL
0;273.5;2016;20435;TECNISA
0;43.77;2016;20451;RNI
0;49.192;2016;20478;PDG REALT
0;176.611.578  ;2016;20494;IGUATEMI
0;225.000.000  ;2016;20524;EVEN
0;7.511.511  ;2016;20532;SANTANDER BR
0;503.351.271  ;2016;20540;CPFL RENOVAV
0;121.172.024  ;2016;20567;PINE
0;2.856.857.505  ;2016;20575;JBS
0;525.000.000  ;2016;20605;JHSF PART
0;61.601000000000006;2016;20613;METALFRIO
0;48.443.062  ;2016;20630;CR2
0;4.298;2016;20702;VIVER
0;18.342;2016;20710;LOG-IN
0;98.897.500  ;2016;20745;SLC AGRICOLA
0;165.001.783  ;2016;20770;EZTEC
0;521.300.754  ;2016;20788;MARFRIG
0;66.002.915  ;2016;20800;TEGMA
0;325.882;2016;20877;HELBOR
0;152.527.251  ;2016;20885;INDUSVAL
0;444.139;2016;20915;MRV
0;239.844.659  ;2016;20931;MINERVA
0;182.224.529  ;2016;20958;ABC BRASIL
0;50.0;2016;20966;SPRINGS
0;189.997.214  ;2016;20982;MULTIPLAN
0;342.463.558  ;2016;20990;B2W DIGITAL
0;76.000.000  ;2016;21008;GENERALSHOPP
0;3.855;2016;2100;CAMBUCI
0;308.398.360  ;2016;21016;ESTACIO PART
0;345;2016;21032;ALGAR TELEC
0;119.664;2016;21040;CYRE COM-CCP
0;691.785;2016;21091;DURATEX
0;1.022.205.493  ;2016;21121;SUL AMERICA
0;73.059;2016;21130;TRISUL
0;54.0;2016;21148;TENDA
0;21.831999999999997;2016;21156;J.MACEDO
0;192.84;2016;21180;BR BROKERS
0;929.040.163  ;2016;21199;BANCO PAN
0;239.128;2016;21237;ENEVA
0;202.735.921  ;2016;21300;ALIANSCE
0;127.944;2016;21334;NUTRIPLANT
0;3.148.038  ;2016;21342;OSX BRASIL
0;146.315.104  ;2016;21350;DIRECIONAL
0;32.774;2016;21393;CELGPAR
0;632.238.060  ;2016;21431;HYPERA
0;349.86300000000006;2016;21440;LE LIS BLANC
0;750.886.270  ;2016;21490;ALUPAR
0;54.54;2016;21555;UNIDAS
0;1.815.000.000  ;2016;21610;B3
0;360.815.313  ;2016;21636;RENOVA
0;44.115;2016;21717;TARPON INV
0;30.250.395  ;2016;21725;ADVANCED-DH
0;2.259.768.045  ;2016;21733;CIELO
0;157.115.125  ;2016;21881;FLEURY
0;696.715;2016;21903;ECON
0;202.500.000  ;2016;22020;JSL
0;204.08599999999998;2016;22055;LOJAS MARISA
0;13.190.748  ;2016;22187;PETRORIO
0;7.657.970  ;2016;22217;ALPER S.A
0;88.836;2016;22349;AREZZO CO
0;76.423.831  ;2016;22357;SIERRABRASIL
0;265.806.905  ;2016;22365;ENAUTA PART
0;67.501;2016;22454;TIME FOR FUN
0;21.623.933  ;2016;22470;MAGAZ LUIZA
0;278.794.088  ;2016;22497;QUALICORP
0;113.081.127  ;2016;22500;BR PHARMA
0;78.506.215  ;2016;22519;TECHNOS
0;261.257.651  ;2016;22551;SOMOS EDUCA
0;143.347.224  ;2016;22594;STATKRAFT
0;3.417.618.875  ;2016;22616;BTGP BANCO
0;66.086.364  ;2016;22780;UNICASA
0;11.787.203  ;2016;22799;SINQIA
0;574.438.888  ;2016;22942;MGI PARTICIP
0;165.609.951  ;2016;23035;LINX
0;2.000.000.000  ;2016;23159;BBSEGURIDADE
0;61.266.737  ;2016;23175;IGUA SA
0;125.213.244  ;2016;23221;SER EDUCA
0;80.944.571  ;2016;23248;ANIMA
0;15.717.615  ;2016;23264;AMBEV SA
0;203.40200000000002;2016;23272;LOG COM PROP
0;87.163.450  ;2016;23280;OURO VERDE
0;690.18;2016;23302;QUALITY SOFT
0;134.330.243  ;2016;23310;CVC BRASIL
0;312.61;2016;23426;OMEGA GER
0;85.115.479  ;2016;23434;LIBRA T RIO
0;366.490.593  ;2016;23485;COSAN LOG
0;133.272.201  ;2016;23493;DOMMO
0;53.949.006  ;2016;23507;OUROFINO SA
0;166.531.600  ;2016;23574;IMC SA
0;159.907.282  ;2016;23590;WIZ S.A
0;52.508.296  ;2016;23710;BR HOME
0;129.996.569  ;2016;23817;BRQ
0;715.629.238  ;2016;23825;MOVIDA
0;19.417.644  ;2016;23965;CINESYSTEM
0;114.898.767  ;2016;24058;ALLIAR
0;3.634;2016;24090;IHPARDINI
0;1.183.536.284  ;2016;24112;AZUL
0;1.775.076.589  ;2016;24171;CARREFOUR BR
0;310.698.901  ;2016;24180;IRBBRASIL RE
0;297.498.383  ;2016;24201;STARA
0;93.077.010  ;2016;24236;PRINER
0;14.61;2016;24260;SMART FIT
0;1.165.000  ;2016;24295;PETROBRAS BR
0;166.72;2016;2429;CELUL IRANI
0;135.380.600  ;2016;24317;BK BRASIL
0;3.141;2016;24350;FLEX SA
0;1.352.634.100  ;2016;2437;ELETROBRAS
0;1.258.842  ;2016;2453;CEMIG
0;38.571;2016;2461;CELESC
0;88.320.000  ;2016;3069;FERBASA
0;10.000.000  ;2016;3077;CEDRO
0;7.68;2016;3115;SEG AL BAHIA
0;30.636;2016;3158;COTEMINAS
0;2.057.875  ;2016;3190;REDE ENERGIA
0;9.680.746  ;2016;3204;CEEE-GT
0;9.133.687  ;2016;3298;HABITASUL
0;145;2016;3395;IND CATAGUAS
0;6.405;2016;3654;MELHOR SP
0;1.719.658.728  ;2016;3980;GERDAU
0;1.387.524.047  ;2016;4030;SID NACIONAL
0;39.299;2016;4081;SANTANENSE
0;6.205;2016;4146;KARSTEN
0;5.244.316  ;2016;4170;VALE
0;22.038.874  ;2016;4537;GRAZZIOTIN
0;62.400.000  ;2016;4669;GUARARAPES
0;73.646.388  ;2016;4707;ALFA CONSORC
0;372.119;2016;4723;CONST A LIND
0;797.257.604  ;2016;4820;BRASKEM
0;23.153000000000002;2016;4863;COR RIBEIRO
0;60.516.228  ;2016;5207;DOHLER
0;330.386.000  ;2016;5258;RAIADROGASIL
0;2.480.260  ;2016;5312;MUNDIAL
0;1.614.353.076  ;2016;5410;WEG
0;179.0;2016;5762;ETERNIT
0;92.619;2016;5770;EUCATEX
0;58.278.569  ;2016;6173;FORJA TAURUS
0;217.56599999999997;2016;6211;FRAS-LE
0;144.178;2016;6343;TUPY
0;1.291.093  ;2016;6505;VIAVAREJO
0;18.372;2016;6700;HOTEIS OTHON
0;12.504.967  ;2016;6815;IGB SA
0;62.857.647  ;2016;7510;INDS ROMI
0;4.2589999999999995;2016;7544;TEX RENAUX
0;149.26;2016;7595;INEPAR
0;7.430.108  ;2016;7617;ITAUSA
0;315.928.258  ;2016;7811;JOAO FORTES
0;26.311999999999998;2016;7870;KEPLER WEBER
0;109.089.896  ;2016;80020;GP INVEST
0;71.14399999999999;2016;80047;WILSON SONS
0;719.145.237  ;2016;80063;PATAGONIA
0;89.746.080  ;2016;80179;BIOTOSCANA
0;1.428.033.524  ;2016;8087;LOJAS AMERIC
0;643.5509999999999;2016;8133;LOJAS RENNER
0;3.464;2016;8192;TREVISA
0;5.783.212  ;2016;8397;MANGELS INDL
0;16.167;2016;8427;ESTRELA
0;925.196.009  ;2016;8451;MARCOPOLO
0;128.308.500  ;2016;8575;METAL LEVE
0;963.872.707  ;2016;8656;GERDAU MET
0;94.065;2016;8672;JEREISSATI
0;9.137.263  ;2016;8753;METISA
0;12.251;2016;8893;MONT ARANHA
0;13.579;2016;9040;NADIR FIGUEI
0;172.92700000000002;2016;9067;SUZANO HOLD
0;5.553.601  ;2016;906;BRADESCO
0;4.559.313  ;2016;9342;DIMED
0;319.176.942  ;2016;9393;PARANAPANEMA
0;17.451;2016;94;PANATLANTICA
0;13.044.497  ;2016;9512;PETROBRAS
0;67.692;2016;9989;PET MANGUINH
0;2.865.417.020  ;2017;1023;BRASIL
0;470.45;2017;10456;ALPARGATAS
0;26.701999999999998;2017;10472;SARAIVA LIVR
0;2.431;2017;10880;SONDOTECNICA
0;2.529.419  ;2017;10960;SPRINGER
0;36.414.670  ;2017;11070;WLM IND COM
0;6.62;2017;11207;TECNOSOLO
0;503;2017;11223;TEKA
0;2.948;2017;11231;TEKNO
0;825.7610000000001;2017;11312;OI
0;315.91200000000003;2017;1155;BANESTES
0;83.55;2017;11592;UNIPAR
0;245.75599999999997;2017;11762;VULCABRAS
0;140.328;2017;11932;IOCHP-MAXION
0;27.000.000  ;2017;11975;AZEVEDO
0;2.0580000000000003;2017;11991;WETZEL SA
0;408.974;2017;1210;BANRISUL
0;54.065;2017;12190;BOMBRIL
0;4.069.582  ;2017;12319;J B DUARTE
0;11.072000000000001;2017;12530;ITAUTEC
0;5.081;2017;12572;RECRUSUL
0;4.786.088.890  ;2017;12653;KLABIN SA
0;192.91;2017;12696;SANSUY
0;18.595;2017;12823;ALIPERTI
0;46.1;2017;1325;MERC BRASIL
0;10.582;2017;13285;JOSAPAR
0;11.900.000  ;2017;13366;HAGA SA
0;4.97;2017;13471;PLASCAR PART
0;7.1;2017;13765;MINUPAR
0;158.489;2017;13773;PORTOBELLO
0;57.736999999999995;2017;13781;SAO CARLOS
0;88.930.584  ;2017;1384;ALFA INVEST
0;1.105.826  ;2017;13986;SUZANO S.A
0;345.776;2017;14109;RANDON PART
0;5.287000000000001;2017;14133;TECTOY
0;36.304;2017;14206;BRB BANCO
0;273.655.375  ;2017;14311;COPEL
0;1.253.079.108  ;2017;14320;USIMINAS
0;1.502.786  ;2017;14346;WHIRLPOOL
0;14.416.383  ;2017;14451;CEB
0;399.74300000000005;2017;14460;CYRELA REALT
0;63.816.925  ;2017;14664;SCHULZ
0;161.844;2017;14761;CIA HERING
0;266.579;2017;14826;P.ACUCAR-CBD
0;275.514;2017;15091;LITEL
0;1.600.000  ;2017;1520;BARDELLA
0;1.729.827  ;2017;15253;ENERGISA
0;20.898000000000003;2017;15423;ATOMPAR
0;15.359000000000002;2017;15458;BATTISTELLA
0;1.154.167  ;2017;15539;NEOENERGIA
0;9.800.000  ;2017;1562;BAUMER
0;28.04;2017;16101;GAFISA
0;812.473.246  ;2017;16292;BRF SA
0;17.153.337  ;2017;16306;ROSSI RESID
0;1.9;2017;16497;ENCORPAR
0;6.267.569  ;2017;16632;GPC PART
0;323.293;2017;16659;PORTO SEGURO
0;454.75;2017;1694;BIC MONARK
0;36.946999999999996;2017;16993;EMAE
0;652.742.192  ;2017;17329;ENGIE BRASIL
0;1.559.015.898  ;2017;17450;RUMO S.A
0;50.612.981  ;2017;17558;SELECTPART
0;2.421.032.479  ;2017;17639;TIM PART SA
0;1.690.985  ;2017;17671;TELEF BRASIL
0;666.318;2017;17892;SANTOS BRP
0;6.4879999999999995;2017;17914;MMX MINER
0;1.640.526.448  ;2017;17973;KROTON
0;41.648999999999994;2017;18287;CIBRASEC
0;94.43299999999999;2017;18368;GER PARANAP
0;164.720.826  ;2017;18376;TRAN PAULIST
0;16.344;2017;18414;IDEIASNET
0;556.405.096  ;2017;18465;ULTRAPAR
0;1.017.914.746  ;2017;18660;CPFL ENERGIA
0;12.850.278  ;2017;18708;PAR AL BAHIA
0;349.548;2017;18724;BRADESPAR
0;429.171.372  ;2017;18775;INVEPAR
0;2.020.000.000  ;2017;18821;CCR SA
0;205.492.020  ;2017;18953;CPFL GERACAO
0;1.967.286  ;2017;18970;AES TIETE E
0;1.292.376.890  ;2017;19062;AGPART
0;4.185.596  ;2017;19100;LIQ
0;35.309;2017;19305;BIOMM
0;176.0;2017;19330;TRIUNFO PART
0;6.550.514  ;2017;19348;ITAUUNIBANCO
0;114.633.427  ;2017;19437;AGCONCESSOES
0;126.751;2017;19445;COPASA
0;558.6990000000001;2017;19453;ECORODOVIAS
0;431.23900000000003;2017;19550;NATURA
0;3.129.582.142  ;2017;19569;GOL
0;300.72;2017;19615;GRENDENE
0;311.891.942  ;2017;19623;DASA
0;11.942;2017;19658;POMIFRUTAS
0;667.1489999999999;2017;19739;LOCALIZA
0;606.165;2017;19763;ENERGIAS BR
0;407.904.353  ;2017;19836;COSAN
0;203.934.060  ;2017;19879;LIGHT SA
0;872.533;2017;19909;BR MALLS PAR
0;407.135;2017;19925;BR PROPERT
0;165.637.727  ;2017;19992;TOTVS
0;198.743.467  ;2017;20010;EQUATORIAL
0;71.225;2017;20028;VALID
0;9.393.834  ;2017;20060;LUPATECH
0;740.465;2017;20087;EMBRAER
0;531.294.792  ;2017;20125;ODONTOPREV
0;17.012.293  ;2017;20184;CCX CARVAO
0;1.033.497  ;2017;20257;TAESA
0;2.896.785  ;2017;20320;CEMIG GT
0;339.000.000  ;2017;20338;M.DIASBRANCO
0;76.31;2017;20346;PROFARMA
0;17.914;2017;20354;TERRA SANTA
0;87.8;2017;20362;POSITIVO TEC
0;125.14299999999999;2017;20370;LOPES BRASIL
0;331.19199999999995;2017;20435;TECNISA
0;43.77;2017;20451;RNI
0;49.192;2017;20478;PDG REALT
0;176.611.578  ;2017;20494;IGUATEMI
0;225.000.000  ;2017;20524;EVEN
0;7.486.841  ;2017;20532;SANTANDER BR
0;503.351.271  ;2017;20540;CPFL RENOVAV
0;121.172.024  ;2017;20567;PINE
0;2.728.747.412  ;2017;20575;JBS
0;525.661.247  ;2017;20605;JHSF PART
0;4.106.754  ;2017;20613;METALFRIO
0;48.443.062  ;2017;20630;CR2
0;4.301;2017;20702;VIVER
0;23.357;2017;20710;LOG-IN
0;98.897.500  ;2017;20745;SLC AGRICOLA
0;165.001.783  ;2017;20770;EZTEC
0;621.279.822  ;2017;20788;MARFRIG
0;66.002.915  ;2017;20800;TEGMA
0;457.913;2017;20877;HELBOR
0;152.527.251  ;2017;20885;INDUSVAL
0;444.139;2017;20915;MRV
0;229.860.259  ;2017;20931;MINERVA
0;196.554.847  ;2017;20958;ABC BRASIL
0;50.0;2017;20966;SPRINGS
0;200.253.625  ;2017;20982;MULTIPLAN
0;453.723.681  ;2017;20990;B2W DIGITAL
0;69.435.699  ;2017;21008;GENERALSHOPP
0;3.855;2017;2100;CAMBUCI
0;309.434;2017;21016;ESTACIO PART
0;267.469;2017;21032;ALGAR TELEC
0;119.664;2017;21040;CYRE COM-CCP
0;691.785;2017;21091;DURATEX
0;1.182.461.903  ;2017;21121;SUL AMERICA
0;73.059;2017;21130;TRISUL
0;54.035;2017;21148;TENDA
0;21.831999999999997;2017;21156;J.MACEDO
0;255.903;2017;21180;BR BROKERS
0;929.040.163  ;2017;21199;BANCO PAN
0;314.99;2017;21237;ENEVA
0;202.735.921  ;2017;21300;ALIANSCE
0;127.944;2017;21334;NUTRIPLANT
0;3.148.038  ;2017;21342;OSX BRASIL
0;153.398.749  ;2017;21350;DIRECIONAL
0;32.774;2017;21393;CELGPAR
0;632.238.060  ;2017;21431;HYPERA
0;51.601000000000006;2017;21440;LE LIS BLANC
0;879.111.269  ;2017;21490;ALUPAR
0;54.54;2017;21555;UNIDAS
0;2.059.138.490  ;2017;21610;B3
0;417.197.244  ;2017;21636;RENOVA
0;43.958999999999996;2017;21717;TARPON INV
0;7.562.598  ;2017;21725;ADVANCED-DH
0;2.716.815.061  ;2017;21733;CIELO
0;315.312.192  ;2017;21881;FLEURY
0;696.715;2017;21903;ECON
0;202.500.000  ;2017;22020;JSL
0;204.08599999999998;2017;22055;LOJAS MARISA
0;13.191.932  ;2017;22187;PETRORIO
0;7.668.764  ;2017;22217;ALPER S.A
0;89.766;2017;22349;AREZZO CO
0;76.423.831  ;2017;22357;SIERRABRASIL
0;265.806.905  ;2017;22365;ENAUTA PART
0;67.501;2017;22454;TIME FOR FUN
0;190.591.464  ;2017;22470;MAGAZ LUIZA
0;288.967.088  ;2017;22497;QUALICORP
0;113.081.127  ;2017;22500;BR PHARMA
0;78.506.215  ;2017;22519;TECHNOS
0;262.128.900  ;2017;22551;SOMOS EDUCA
0;143.347.224  ;2017;22594;STATKRAFT
0;2.681.601.772  ;2017;22616;BTGP BANCO
0;82.469.138  ;2017;22691;LOCAMERICA
0;66.086.364  ;2017;22780;UNICASA
0;11.787.203  ;2017;22799;SINQIA
0;574.438.888  ;2017;22942;MGI PARTICIP
0;166.110.342  ;2017;23035;LINX
0;2.000.000.000  ;2017;23159;BBSEGURIDADE
0;129.436.505  ;2017;23175;IGUA SA
0;138.812.000  ;2017;23221;SER EDUCA
0;80.944.571  ;2017;23248;ANIMA
0;15.717.615  ;2017;23264;AMBEV SA
0;64.977;2017;23272;LOG COM PROP
0;87.163.450  ;2017;23280;OURO VERDE
0;830.919;2017;23302;QUALITY SOFT
0;141.700.212  ;2017;23310;CVC BRASIL
0;117.8;2017;23426;OMEGA GER
0;85.115.479  ;2017;23434;LIBRA T RIO
0;463.224.241  ;2017;23485;COSAN LOG
0;2.665.444.020  ;2017;23493;DOMMO
0;53.949.006  ;2017;23507;OUROFINO SA
0;166.531.600  ;2017;23574;IMC SA
0;159.907.282  ;2017;23590;WIZ S.A
0;52.508.296  ;2017;23710;BR HOME
0;129.957.439  ;2017;23817;BRQ
0;213.491.586  ;2017;23825;MOVIDA
0;19.417.644  ;2017;23965;CINESYSTEM
0;118.292.816  ;2017;24058;ALLIAR
0;130.909;2017;24090;IHPARDINI
0;1.250.615.778  ;2017;24112;AZUL
0;1.980.958.942  ;2017;24171;CARREFOUR BR
0;310.415.400  ;2017;24180;IRBBRASIL RE
0;297.498.383  ;2017;24201;STARA
0;93.708.314  ;2017;24236;PRINER
0;123.856.953  ;2017;24252;SMILES
0;14.61;2017;24260;SMART FIT
0;1.165.000  ;2017;24295;PETROBRAS BR
0;166.72;2017;2429;CELUL IRANI
0;222.278.169  ;2017;24317;BK BRASIL
0;3.248;2017;24350;FLEX SA
0;1.352.634.100  ;2017;2437;ELETROBRAS
0;467.591.549  ;2017;24384;INTERMEDICA
0;560.000.000  ;2017;24392;HAPVIDA
0;11.898.056  ;2017;24406;BANCO INTER
0;1.258.842  ;2017;2453;CEMIG
0;4.142.526  ;2017;24546;PRATICA
0;38.571;2017;2461;CELESC
0;27.581.083  ;2017;24660;BBMLOGISTICA
0;88.320.000  ;2017;3069;FERBASA
0;10.000.000  ;2017;3077;CEDRO
0;7.68;2017;3115;SEG AL BAHIA
0;30.636;2017;3158;COTEMINAS
0;2.057.875  ;2017;3190;REDE ENERGIA
0;9.680.746  ;2017;3204;CEEE-GT
0;9.133.687  ;2017;3298;HABITASUL
0;145;2017;3395;IND CATAGUAS
0;6.405;2017;3654;MELHOR SP
0;1.719.658.728  ;2017;3980;GERDAU
0;1.387.524.047  ;2017;4030;SID NACIONAL
0;39.299;2017;4081;SANTANENSE
0;6.205;2017;4146;KARSTEN
0;5.284.475  ;2017;4170;VALE
0;20.915.330  ;2017;4537;GRAZZIOTIN
0;62.400.000  ;2017;4669;GUARARAPES
0;73.646.388  ;2017;4707;ALFA CONSORC
0;372.119;2017;4723;CONST A LIND
0;797.257.604  ;2017;4820;BRASKEM
0;23.153000000000002;2017;4863;COR RIBEIRO
0;60.516.228  ;2017;5207;DOHLER
0;330.386.000  ;2017;5258;RAIADROGASIL
0;2.480.260  ;2017;5312;MUNDIAL
0;1.614.353.076  ;2017;5410;WEG
0;179.0;2017;5762;ETERNIT
0;92.619;2017;5770;EUCATEX
0;64.688.212  ;2017;6173;FORJA TAURUS
0;217.56599999999997;2017;6211;FRAS-LE
0;144.178;2017;6343;TUPY
0;1.291.968  ;2017;6505;VIAVAREJO
0;18.372;2017;6700;HOTEIS OTHON
0;12.504.967  ;2017;6815;IGB SA
0;1.171.970  ;2017;701;BAHEMA
0;62.857.647  ;2017;7510;INDS ROMI
0;4.2589999999999995;2017;7544;TEX RENAUX
0;6.337999999999999;2017;7595;INEPAR
0;7.473.630  ;2017;7617;ITAUSA
0;540.261.204  ;2017;7811;JOAO FORTES
0;26.311999999999998;2017;7870;KEPLER WEBER
0;109.745.820  ;2017;80020;GP INVEST
0;71.22;2017;80047;WILSON SONS
0;719.145.237  ;2017;80063;PATAGONIA
0;105.746.080  ;2017;80179;BIOTOSCANA
0;1.597.431.771  ;2017;8087;LOJAS AMERIC
0;713.235;2017;8133;LOJAS RENNER
0;5.196000000000001;2017;8192;TREVISA
0;5.783.212  ;2017;8397;MANGELS INDL
0;808;2017;8427;ESTRELA
0;925.196.009  ;2017;8451;MARCOPOLO
0;128.308.500  ;2017;8575;METAL LEVE
0;982.123.927  ;2017;8656;GERDAU MET
0;87.89200000000001;2017;8672;JEREISSATI
0;9.137.263  ;2017;8753;METISA
0;12.251;2017;8893;MONT ARANHA
0;13.579;2017;9040;NADIR FIGUEI
0;172.92700000000002;2017;9067;SUZANO HOLD
0;6.108.962  ;2017;906;BRADESCO
0;4.559.313  ;2017;9342;DIMED
0;688.933.769  ;2017;9393;PARANAPANEMA
0;17.636;2017;94;PANATLANTICA
0;13.044.497  ;2017;9512;PETROBRAS
0;67.691.629  ;2017;9989;PET MANGUINH
0;2.865.417.020  ;2018;1023;BRASIL
0;470.449.777  ;2018;10456;ALPARGATAS
0;26.701999999999998;2018;10472;SARAIVA LIVR
0;2.431;2018;10880;SONDOTECNICA
0;36.414.670  ;2018;11070;WLM IND COM
0;6.62;2018;11207;TECNOSOLO
0;503;2018;11223;TEKA
0;2.948;2018;11231;TEKNO
0;2.455.974  ;2018;11312;OI
0;315.91200000000003;2018;1155;BANESTES
0;91.146;2018;11592;UNIPAR
0;245.75599999999997;2018;11762;VULCABRAS
0;150.575;2018;11932;IOCHP-MAXION
0;2.0580000000000003;2018;11991;WETZEL SA
0;408.974;2018;1210;BANRISUL
0;54.065;2018;12190;BOMBRIL
0;11.072000000000001;2018;12530;ITAUTEC
0;5.081;2018;12572;RECRUSUL
0;5.409.801.840  ;2018;12653;KLABIN SA
0;192.91;2018;12696;SANSUY
0;18.595;2018;12823;ALIPERTI
0;52.416000000000004;2018;1325;MERC BRASIL
0;10.582;2018;13285;JOSAPAR
0;11.900.000  ;2018;13366;HAGA SA
0;4.97;2018;13471;PLASCAR PART
0;7.1;2018;13765;MINUPAR
0;158.489;2018;13773;PORTOBELLO
0;57.736999999999995;2018;13781;SAO CARLOS
0;88.600.584  ;2018;1384;ALFA INVEST
0;1.105.826  ;2018;13986;SUZANO S.A
0;345.776;2018;14109;RANDON PART
0;30.064;2018;14133;TECTOY
0;273.655.375  ;2018;14311;COPEL
0;1.253.079.108  ;2018;14320;USIMINAS
0;1.502.786  ;2018;14346;WHIRLPOOL
0;14.416.383  ;2018;14451;CEB
0;399.815;2018;14460;CYRELA REALT
0;89.343.695  ;2018;14664;SCHULZ
0;161.844;2018;14761;CIA HERING
0;266.845;2018;14826;P.ACUCAR-CBD
0;275.514;2018;15091;LITEL
0;1.600.000  ;2018;1520;BARDELLA
0;1.814.561.910  ;2018;15253;ENERGISA
0;20.898000000000003;2018;15423;ATOMPAR
0;15.359000000000002;2018;15458;BATTISTELLA
0;1.213.797  ;2018;15539;NEOENERGIA
0;9.800.000  ;2018;1562;BAUMER
0;43.728;2018;16101;GAFISA
0;812.473.246  ;2018;16292;BRF SA
0;17.153.337  ;2018;16306;ROSSI RESID
0;1.9;2018;16497;ENCORPAR
0;6.267.569  ;2018;16632;GPC PART
0;323.293;2018;16659;PORTO SEGURO
0;36.946999999999996;2018;16993;EMAE
0;815.927.740  ;2018;17329;ENGIE BRASIL
0;1.559.015.898  ;2018;17450;RUMO S.A
0;2.421.032.479  ;2018;17639;TIM PART SA
0;1.690.985  ;2018;17671;TELEF BRASIL
0;666.318;2018;17892;SANTOS BRP
0;6.4879999999999995;2018;17914;MMX MINER
0;1.644.248.206  ;2018;17973;KROTON
0;41.648999999999994;2018;18287;CIBRASEC
0;94.43299999999999;2018;18368;GER PARANAP
0;164.720.826  ;2018;18376;TRAN PAULIST
0;16.344;2018;18414;IDEIASNET
0;556.405.096  ;2018;18465;ULTRAPAR
0;1.017.914.746  ;2018;18660;CPFL ENERGIA
0;12.850.278  ;2018;18708;PAR AL BAHIA
0;348.034;2018;18724;BRADESPAR
0;429.171.372  ;2018;18775;INVEPAR
0;2.020.000.000  ;2018;18821;CCR SA
0;205.492.020  ;2018;18953;CPFL GERACAO
0;1.967.385  ;2018;18970;AES TIETE E
0;1.292.396.406  ;2018;19062;AGPART
0;15.727.661  ;2018;19100;LIQ
0;47.782.714  ;2018;19305;BIOMM
0;9.804.135  ;2018;19348;ITAUUNIBANCO
0;126.751;2018;19445;COPASA
0;558.6990000000001;2018;19453;ECORODOVIAS
0;431.23900000000003;2018;19550;NATURA
0;3.131.226.450  ;2018;19569;GOL
0;902.16;2018;19615;GRENDENE
0;311.816.941  ;2018;19623;DASA
0;12.005999999999998;2018;19658;POMIFRUTAS
0;667.1489999999999;2018;19739;LOCALIZA
0;606.248;2018;19763;ENERGIAS BR
0;407.904.353  ;2018;19836;COSAN
0;203.934.060  ;2018;19879;LIGHT SA
0;871.8660000000001;2018;19909;BR MALLS PAR
0;407.135;2018;19925;BR PROPERT
0;165.637.727  ;2018;19992;TOTVS
0;198.769.717  ;2018;20010;EQUATORIAL
0;71.225;2018;20028;VALID
0;16.222.745  ;2018;20060;LUPATECH
0;740.765;2018;20087;EMBRAER
0;531.294.792  ;2018;20125;ODONTOPREV
0;1.701.229  ;2018;20184;CCX CARVAO
0;1.033.497  ;2018;20257;TAESA
0;2.896.785  ;2018;20320;CEMIG GT
0;339.000.000  ;2018;20338;M.DIASBRANCO
0;123.81299999999999;2018;20346;PROFARMA
0;17.914;2018;20354;TERRA SANTA
0;87.8;2018;20362;POSITIVO TEC
0;125.663;2018;20370;LOPES BRASIL
0;331.19199999999995;2018;20435;TECNISA
0;43.77;2018;20451;RNI
0;80.669;2018;20478;PDG REALT
0;176.611.578  ;2018;20494;IGUATEMI
0;217.000.000  ;2018;20524;EVEN
0;7.471.897  ;2018;20532;SANTANDER BR
0;503.811.489  ;2018;20540;CPFL RENOVAV
0;121.172.024  ;2018;20567;PINE
0;2.728.747.412  ;2018;20575;JBS
0;526.383.839  ;2018;20605;JHSF PART
0;4.106.754  ;2018;20613;METALFRIO
0;48.443.062  ;2018;20630;CR2
0;445.395;2018;20702;VIVER
0;38.075;2018;20710;LOG-IN
0;95.297.500  ;2018;20745;SLC AGRICOLA
0;165.001.783  ;2018;20770;EZTEC
0;621.279.822  ;2018;20788;MARFRIG
0;66.002.915  ;2018;20800;TEGMA
0;457.913;2018;20877;HELBOR
0;152.527.251  ;2018;20885;INDUSVAL
0;444.139;2018;20915;MRV
0;376.687.157  ;2018;20931;MINERVA
0;211.132.950  ;2018;20958;ABC BRASIL
0;50.0;2018;20966;SPRINGS
0;600.760.875  ;2018;20982;MULTIPLAN
0;457.280.804  ;2018;20990;B2W DIGITAL
0;69.435.699  ;2018;21008;GENERALSHOPP
0;3.855;2018;2100;CAMBUCI
0;309.089;2018;21016;ESTACIO PART
0;295.02;2018;21032;ALGAR TELEC
0;119.664;2018;21040;CYRE COM-CCP
0;691.785;2018;21091;DURATEX
0;1.182.461.903  ;2018;21121;SUL AMERICA
0;146.118;2018;21130;TRISUL
0;52.081;2018;21148;TENDA
0;21.831999999999997;2018;21156;J.MACEDO
0;36.278;2018;21180;BR BROKERS
0;1.141.806.121  ;2018;21199;BANCO PAN
0;314.99;2018;21237;ENEVA
0;202.735.921  ;2018;21300;ALIANSCE
0;127.944;2018;21334;NUTRIPLANT
0;3.148.038  ;2018;21342;OSX BRASIL
0;153.398.749  ;2018;21350;DIRECIONAL
0;32.774;2018;21393;CELGPAR
0;632.238.060  ;2018;21431;HYPERA
0;51.601000000000006;2018;21440;LE LIS BLANC
0;879.111.269  ;2018;21490;ALUPAR
0;54.540.394  ;2018;21555;UNIDAS
0;2.059.138.490  ;2018;21610;B3
0;41.719.724  ;2018;21636;RENOVA
0;45.299;2018;21717;TARPON INV
0;7.563;2018;21725;ADVANCED-DH
0;2.716.815.061  ;2018;21733;CIELO
0;316.113.442  ;2018;21881;FLEURY
0;696.715;2018;21903;ECON
0;205.114.532  ;2018;22020;JSL
0;204.08599999999998;2018;22055;LOJAS MARISA
0;13.336.517  ;2018;22187;PETRORIO
0;7.678.388  ;2018;22217;ALPER S.A
0;90.303;2018;22349;AREZZO CO
0;76.423.831  ;2018;22357;SIERRABRASIL
0;265.806.905  ;2018;22365;ENAUTA PART
0;67.501;2018;22454;TIME FOR FUN
0;190.591.464  ;2018;22470;MAGAZ LUIZA
0;283.176.825  ;2018;22497;QUALICORP
0;113.081.127  ;2018;22500;BR PHARMA
0;78.506.215  ;2018;22519;TECHNOS
0;262.128.900  ;2018;22551;SOMOS EDUCA
0;218.370.694  ;2018;22594;STATKRAFT
0;2.637.236.572  ;2018;22616;BTGP BANCO
0;147.863.827  ;2018;22691;LOCAMERICA
0;66.086.364  ;2018;22780;UNICASA
0;11.787.203  ;2018;22799;SINQIA
0;574.438.888  ;2018;22942;MGI PARTICIP
0;166.283.382  ;2018;23035;LINX
0;2.000.000.000  ;2018;23159;BBSEGURIDADE
0;169.739.941  ;2018;23175;IGUA SA
0;132.951.860  ;2018;23221;SER EDUCA
0;77.632.254  ;2018;23248;ANIMA
0;15.722.147  ;2018;23264;AMBEV SA
0;69.23;2018;23272;LOG COM PROP
0;830.919;2018;23302;QUALITY SOFT
0;146.511.872  ;2018;23310;CVC BRASIL
0;117.8;2018;23426;OMEGA GER
0;463.224.241  ;2018;23485;COSAN LOG
0;2.700.398.881  ;2018;23493;DOMMO
0;53.949.006  ;2018;23507;OUROFINO SA
0;166.531.600  ;2018;23574;IMC SA
0;159.907.282  ;2018;23590;WIZ S.A
0;1.733.988  ;2018;23612;MAESTROLOC
0;52.633.296  ;2018;23710;BR HOME
0;130.724.698  ;2018;23817;BRQ
0;263.421.014  ;2018;23825;MOVIDA
0;30.969.063  ;2018;23965;CINESYSTEM
0;118.292.816  ;2018;24058;ALLIAR
0;130.97899999999998;2018;24090;IHPARDINI
0;1.255.596.248  ;2018;24112;AZUL
0;1.983.437.967  ;2018;24171;CARREFOUR BR
0;312.000.001  ;2018;24180;IRBBRASIL RE
0;297.498.383  ;2018;24201;STARA
0;104.873.362  ;2018;24236;PRINER
0;124.007.953  ;2018;24252;SMILES
0;18.372;2018;24260;SMART FIT
0;20.260.783  ;2018;24279;INTER SA
0;1.165.000  ;2018;24295;PETROBRAS BR
0;166.72;2018;2429;CELUL IRANI
0;222.525.821  ;2018;24317;BK BRASIL
0;3.248;2018;24350;FLEX SA
0;1.352.634.100  ;2018;2437;ELETROBRAS
0;528.783.790  ;2018;24384;INTERMEDICA
0;671.958.573  ;2018;24392;HAPVIDA
0;101.411.044  ;2018;24406;BANCO INTER
0;1.458.752  ;2018;2453;CEMIG
0;3.728.273  ;2018;24546;PRATICA
0;38.571;2018;2461;CELESC
0;36.232.057  ;2018;24660;BBMLOGISTICA
0;153.035.846  ;2018;24694;CENTAURO
0;88.320.000  ;2018;3069;FERBASA
0;10.000.000  ;2018;3077;CEDRO
0;7.68;2018;3115;SEG AL BAHIA
0;30.636;2018;3158;COTEMINAS
0;2.057.874.630  ;2018;3190;REDE ENERGIA
0;9.680.746  ;2018;3204;CEEE-GT
0;9.133.687  ;2018;3298;HABITASUL
0;145;2018;3395;IND CATAGUAS
0;6.405;2018;3654;MELHOR SP
0;1.719.658.728  ;2018;3980;GERDAU
0;1.387.524.047  ;2018;4030;SID NACIONAL
0;39.299;2018;4081;SANTANENSE
0;6.205;2018;4146;KARSTEN
0;5.284.475  ;2018;4170;VALE
0;20.213.506  ;2018;4537;GRAZZIOTIN
0;62.400.000  ;2018;4669;GUARARAPES
0;73.646.388  ;2018;4707;ALFA CONSORC
0;372.119;2018;4723;CONST A LIND
0;797.218.554  ;2018;4820;BRASKEM
0;23.153000000000002;2018;4863;COR RIBEIRO
0;60.516.228  ;2018;5207;DOHLER
0;330.386.000  ;2018;5258;RAIADROGASIL
0;2.480.260  ;2018;5312;MUNDIAL
0;22.5;2018;5380;ACO ALTONA
0;2.098.658.999  ;2018;5410;WEG
0;29.833000000000002;2018;5762;ETERNIT
0;92.619;2018;5770;EUCATEX
0;74.862.626  ;2018;6173;FORJA TAURUS
0;217.56599999999997;2018;6211;FRAS-LE
0;144.178;2018;6343;TUPY
0;1.294.003  ;2018;6505;VIAVAREJO
0;18.372;2018;6700;HOTEIS OTHON
0;12.504.967  ;2018;6815;IGB SA
0;1.171.970  ;2018;701;BAHEMA
0;62.857.647  ;2018;7510;INDS ROMI
0;4.2589999999999995;2018;7544;TEX RENAUX
0;8.410.698  ;2018;7617;ITAUSA
0;26.311999999999998;2018;7870;KEPLER WEBER
0;109.745.820  ;2018;80020;GP INVEST
0;71.244;2018;80047;WILSON SONS
0;719.145.237  ;2018;80063;PATAGONIA
0;106.622.306  ;2018;80179;BIOTOSCANA
0;1.600.653.964  ;2018;8087;LOJAS AMERIC
0;720.0239999999999;2018;8133;LOJAS RENNER
0;5.196000000000001;2018;8192;TREVISA
0;5.741.112  ;2018;8397;MANGELS INDL
0;808;2018;8427;ESTRELA
0;925.196.009  ;2018;8451;MARCOPOLO
0;128.308.500  ;2018;8575;METAL LEVE
0;985.679.647  ;2018;8656;GERDAU MET
0;87.889;2018;8672;JEREISSATI
0;9.137.263  ;2018;8753;METISA
0;12.251.221  ;2018;8893;MONT ARANHA
0;13.579;2018;9040;NADIR FIGUEI
0;172.92700000000002;2018;9067;SUZANO HOLD
0;6.719.858  ;2018;906;BRADESCO
0;4.542.313  ;2018;9342;DIMED
0;692.370.186  ;2018;9393;PARANAPANEMA
0;17.839000000000002;2018;94;PANATLANTICA
0;13.044.497  ;2018;9512;PETROBRAS
